    13933,    13933,  0.00000000000000    , -5000.00000000000
    13933,     3933, -0.00000000000000    ,  5000.00000000000
    18034,    18034,  0.00000000000000    , -5000.00000000000
    18034,     8034, -0.00000000000000    ,  5000.00000000000
     8034,     8034,  0.00000000000000    , -6999.99987792969
     8034,    18034, -0.00000000000000    ,  5000.00000000000
     8034,     8004, -0.00000000000000    ,  1999.99987792969
    18033,    18033,  0.00000000000000    , -5000.00000000000
    18033,     8033, -0.00000000000000    ,  5000.00000000000
     8033,     8033,  0.00000000000000    , -6999.99987792969
     8033,    18033, -0.00000000000000    ,  5000.00000000000
     8033,     8003, -0.00000000000000    ,  1999.99987792969
    18005,    18005,  0.00000000000000    , -5000.00000000000
    18005,     8005, -0.00000000000000    ,  5000.00000000000
    18004,    18004,  0.00000000000000    , -5000.00000000000
    18004,     8004, -0.00000000000000    ,  5000.00000000000
    18003,    18003,  0.00000000000000    , -5000.00000000000
    18003,     8003, -0.00000000000000    ,  5000.00000000000
    18002,    18002,  0.00000000000000    , -5000.00000000000
    18002,     8002, -0.00000000000000    ,  5000.00000000000
    18001,    18001,  0.00000000000000    , -5000.00000000000
    18001,     8001, -0.00000000000000    ,  5000.00000000000
    17032,    17032,  0.00000000000000    , -5000.00000000000
    17032,     7032, -0.00000000000000    ,  5000.00000000000
     7032,     7032,  0.00000000000000    , -6999.99987792969
     7032,    17032, -0.00000000000000    ,  5000.00000000000
     7032,     7002, -0.00000000000000    ,  1999.99987792969
    17031,    17031,  0.00000000000000    , -5000.00000000000
    17031,     7031, -0.00000000000000    ,  5000.00000000000
     7031,     7031,  0.00000000000000    , -6999.99987792969
     7031,    17031, -0.00000000000000    ,  5000.00000000000
     7031,     7001, -0.00000000000000    ,  1999.99987792969
    17002,    17002,  0.00000000000000    , -5000.00000000000
    17002,     7002, -0.00000000000000    ,  5000.00000000000
    17001,    17001,  0.00000000000000    , -5000.00000000000
    17001,     7001, -0.00000000000000    ,  5000.00000000000
    16533,    16533,  0.00000000000000    , -5000.00000000000
    16533,     6533, -0.00000000000000    ,  5000.00000000000
     6533,     6533,  0.00000000000000    , -6999.99987792969
     6533,    16533, -0.00000000000000    ,  5000.00000000000
     6533,     6503, -0.00000000000000    ,  1999.99987792969
    16510,    16510,  0.00000000000000    , -5000.00000000000
    16510,     6510, -0.00000000000000    ,  5000.00000000000
    16509,    16509,  0.00000000000000    , -5000.00000000000
    16509,     6509, -0.00000000000000    ,  5000.00000000000
     6509,     6509,  1324.57565307617    , -6790.99523915350
     6509,    16509, -0.00000000000000    ,  5000.00000000000
     6509,     6502, -907.235168457031    ,  1202.08666992188
     6509,     6501, -417.340484619141    ,  589.493469238281
    16508,    16508,  0.00000000000000    , -5000.00000000000
    16508,     6508, -0.00000000000000    ,  5000.00000000000
     6508,     6508,  6.23269677162170    , -5082.70208518207
     6508,    16508, -0.00000000000000    ,  5000.00000000000
     6508,     6502, -4.03659820556641    ,  57.8579101562500
     6508,     6503, -2.19609856605530    ,  25.3197250366211
    16507,    16507,  0.00000000000000    , -5000.00000000000
    16507,     6507, -0.00000000000000    ,  5000.00000000000
    16506,    16506,  0.00000000000000    , -5000.00000000000
    16506,     6506, -0.00000000000000    ,  5000.00000000000
    16505,    16505,  0.00000000000000    , -5000.00000000000
    16505,     6505, -0.00000000000000    ,  5000.00000000000
    16504,    16504,  0.00000000000000    , -5000.00000000000
    16504,     6504, -0.00000000000000    ,  5000.00000000000
    16503,    16503,  0.00000000000000    , -5000.00000000000
    16503,     6503, -0.00000000000000    ,  5000.00000000000
    16502,    16502,  0.00000000000000    , -5000.00000000000
    16502,     6502, -0.00000000000000    ,  5000.00000000000
    16501,    16501,  0.00000000000000    , -5000.00000000000
    16501,     6501, -0.00000000000000    ,  5000.00000000000
    16433,    16433,  0.00000000000000    , -5000.00000000000
    16433,     6433, -0.00000000000000    ,  5000.00000000000
     6433,     6433,  0.00000000000000    , -6999.99987792969
     6433,    16433, -0.00000000000000    ,  5000.00000000000
     6433,     6403, -0.00000000000000    ,  1999.99987792969
    16404,    16404,  0.00000000000000    , -5000.00000000000
    16404,     6404, -0.00000000000000    ,  5000.00000000000
    16403,    16403,  0.00000000000000    , -5000.00000000000
    16403,     6403, -0.00000000000000    ,  5000.00000000000
    16402,    16402,  0.00000000000000    , -5000.00000000000
    16402,     6402, -0.00000000000000    ,  5000.00000000000
    16401,    16401,  0.00000000000000    , -5000.00000000000
    16401,     6401, -0.00000000000000    ,  5000.00000000000
    16335,    16335,  0.00000000000000    , -5000.00000000000
    16335,     6335, -0.00000000000000    ,  5000.00000000000
     6335,     6335,  0.00000000000000    , -6999.99987792969
     6335,    16335, -0.00000000000000    ,  5000.00000000000
     6335,     6305, -0.00000000000000    ,  1999.99987792969
    16333,    16333,  0.00000000000000    , -5000.00000000000
    16333,     6333, -0.00000000000000    ,  5000.00000000000
     6333,     6333,  0.00000000000000    , -6999.99987792969
     6333,    16333, -0.00000000000000    ,  5000.00000000000
     6333,     6303, -0.00000000000000    ,  1999.99987792969
    16305,    16305,  0.00000000000000    , -5000.00000000000
    16305,     6305, -0.00000000000000    ,  5000.00000000000
    16304,    16304,  0.00000000000000    , -5000.00000000000
    16304,     6304, -0.00000000000000    ,  5000.00000000000
    16303,    16303,  0.00000000000000    , -5000.00000000000
    16303,     6303, -0.00000000000000    ,  5000.00000000000
    16302,    16302,  0.00000000000000    , -5000.00000000000
    16302,     6302, -0.00000000000000    ,  5000.00000000000
    16301,    16301,  0.00000000000000    , -5000.00000000000
    16301,     6301, -0.00000000000000    ,  5000.00000000000
    16235,    16235,  0.00000000000000    , -5000.00000000000
    16235,     6235, -0.00000000000000    ,  5000.00000000000
     6235,     6235,  0.00000000000000    , -6999.99987792969
     6235,    16235, -0.00000000000000    ,  5000.00000000000
     6235,     6205, -0.00000000000000    ,  1999.99987792969
    16231,    16231,  0.00000000000000    , -5000.00000000000
    16231,     6231, -0.00000000000000    ,  5000.00000000000
     6231,     6231,  0.00000000000000    , -6999.99987792969
     6231,    16231, -0.00000000000000    ,  5000.00000000000
     6231,     6201, -0.00000000000000    ,  1999.99987792969
    16205,    16205,  0.00000000000000    , -5000.00000000000
    16205,     6205, -0.00000000000000    ,  5000.00000000000
    16204,    16204,  0.00000000000000    , -5000.00000000000
    16204,     6204, -0.00000000000000    ,  5000.00000000000
    16203,    16203,  0.00000000000000    , -5000.00000000000
    16203,     6203, -0.00000000000000    ,  5000.00000000000
    16202,    16202,  0.00000000000000    , -5000.00000000000
    16202,     6202, -0.00000000000000    ,  5000.00000000000
    16201,    16201,  0.00000000000000    , -5000.00000000000
    16201,     6201, -0.00000000000000    ,  5000.00000000000
    16132,    16132,  0.00000000000000    , -5000.00000000000
    16132,     6132, -0.00000000000000    ,  5000.00000000000
     6132,     6132,  0.00000000000000    , -6999.99987792969
     6132,    16132, -0.00000000000000    ,  5000.00000000000
     6132,     6102, -0.00000000000000    ,  1999.99987792969
    16104,    16104,  0.00000000000000    , -5000.00000000000
    16104,     6104, -0.00000000000000    ,  5000.00000000000
    16103,    16103,  0.00000000000000    , -5000.00000000000
    16103,     6103, -0.00000000000000    ,  5000.00000000000
    16102,    16102,  0.00000000000000    , -5000.00000000000
    16102,     6102, -0.00000000000000    ,  5000.00000000000
    16101,    16101,  0.00000000000000    , -5000.00000000000
    16101,     6101, -0.00000000000000    ,  5000.00000000000
    15032,    15032,  0.00000000000000    , -5000.00000000000
    15032,     5032, -0.00000000000000    ,  5000.00000000000
     5032,     5032,  0.00000000000000    , -6999.99987792969
     5032,    15032, -0.00000000000000    ,  5000.00000000000
     5032,     5002, -0.00000000000000    ,  1999.99987792969
    15031,    15031,  0.00000000000000    , -5000.00000000000
    15031,     5031, -0.00000000000000    ,  5000.00000000000
     5031,     5031,  0.00000000000000    , -6999.99987792969
     5031,    15031, -0.00000000000000    ,  5000.00000000000
     5031,     5001, -0.00000000000000    ,  1999.99987792969
    15004,    15004,  0.00000000000000    , -5000.00000000000
    15004,     5004, -0.00000000000000    ,  5000.00000000000
    15003,    15003,  0.00000000000000    , -5000.00000000000
    15003,     5003, -0.00000000000000    ,  5000.00000000000
    15002,    15002,  0.00000000000000    , -5000.00000000000
    15002,     5002, -0.00000000000000    ,  5000.00000000000
    15001,    15001,  0.00000000000000    , -5000.00000000000
    15001,     5001, -0.00000000000000    ,  5000.00000000000
    14232,    14232,  0.00000000000000    , -5000.00000000000
    14232,     4232, -0.00000000000000    ,  5000.00000000000
     4232,     4232,  0.00000000000000    , -6999.99987792969
     4232,    14232, -0.00000000000000    ,  5000.00000000000
     4232,     4202, -0.00000000000000    ,  1999.99987792969
    14231,    14231,  0.00000000000000    , -5000.00000000000
    14231,     4231, -0.00000000000000    ,  5000.00000000000
     4231,     4231,  0.00000000000000    , -6999.99987792969
     4231,    14231, -0.00000000000000    ,  5000.00000000000
     4231,     4201, -0.00000000000000    ,  1999.99987792969
    14204,    14204,  0.00000000000000    , -5000.00000000000
    14204,     4204, -0.00000000000000    ,  5000.00000000000
    14203,    14203,  0.00000000000000    , -5000.00000000000
    14203,     4203, -0.00000000000000    ,  5000.00000000000
    14202,    14202,  0.00000000000000    , -5000.00000000000
    14202,     4202, -0.00000000000000    ,  5000.00000000000
    14201,    14201,  0.00000000000000    , -5000.00000000000
    14201,     4201, -0.00000000000000    ,  5000.00000000000
    14132,    14132,  0.00000000000000    , -5000.00000000000
    14132,     4132, -0.00000000000000    ,  5000.00000000000
     4132,     4132,  0.00000000000000    , -6999.99987792969
     4132,    14132, -0.00000000000000    ,  5000.00000000000
     4132,     4102, -0.00000000000000    ,  1999.99987792969
    14131,    14131,  0.00000000000000    , -5000.00000000000
    14131,     4131, -0.00000000000000    ,  5000.00000000000
     4131,     4131,  0.00000000000000    , -6999.99987792969
     4131,    14131, -0.00000000000000    ,  5000.00000000000
     4131,     4101, -0.00000000000000    ,  1999.99987792969
    14104,    14104,  0.00000000000000    , -5000.00000000000
    14104,     4104, -0.00000000000000    ,  5000.00000000000
    14103,    14103,  0.00000000000000    , -5000.00000000000
    14103,     4103, -0.00000000000000    ,  5000.00000000000
    14102,    14102,  0.00000000000000    , -5000.00000000000
    14102,     4102, -0.00000000000000    ,  5000.00000000000
    14101,    14101,  0.00000000000000    , -5000.00000000000
    14101,     4101, -0.00000000000000    ,  5000.00000000000
    14097,    14097,  0.00000000000000    , -5000.00000000000
    14097,     4097, -0.00000000000000    ,  5000.00000000000
    14096,    14096,  0.00000000000000    , -5000.00000000000
    14096,     4096, -0.00000000000000    ,  5000.00000000000
    14095,    14095,  0.00000000000000    , -5000.00000000000
    14095,     4095, -0.00000000000000    ,  5000.00000000000
    14094,    14094,  0.00000000000000    , -5000.00000000000
    14094,     4094, -0.00000000000000    ,  5000.00000000000
    14093,    14093,  0.00000000000000    , -5000.00000000000
    14093,     4093, -0.00000000000000    ,  5000.00000000000
    14092,    14092,  0.00000000000000    , -5000.00000000000
    14092,     4092, -0.00000000000000    ,  5000.00000000000
    14091,    14091,  0.00000000000000    , -5000.00000000000
    14091,     4091, -0.00000000000000    ,  5000.00000000000
    14090,    14090,  0.00000000000000    , -5000.00000000000
    14090,     4090, -0.00000000000000    ,  5000.00000000000
    14039,    14039,  0.00000000000000    , -5000.00000000000
    14039,     4039, -0.00000000000000    ,  5000.00000000000
     4039,     4039,  0.00000000000000    , -6999.99987792969
     4039,    14039, -0.00000000000000    ,  5000.00000000000
     4039,     4009, -0.00000000000000    ,  1999.99987792969
    14035,    14035,  0.00000000000000    , -5000.00000000000
    14035,     4035, -0.00000000000000    ,  5000.00000000000
     4035,     4035,  0.00000000000000    , -6999.99987792969
     4035,    14035, -0.00000000000000    ,  5000.00000000000
     4035,     4005, -0.00000000000000    ,  1999.99987792969
    14031,    14031,  0.00000000000000    , -5000.00000000000
    14031,     4031, -0.00000000000000    ,  5000.00000000000
     4031,     4031,  0.00000000000000    , -6999.99987792969
     4031,    14031, -0.00000000000000    ,  5000.00000000000
     4031,     4001, -0.00000000000000    ,  1999.99987792969
    14010,    14010,  0.00000000000000    , -5000.00000000000
    14010,     4010, -0.00000000000000    ,  5000.00000000000
    14009,    14009,  0.00000000000000    , -5000.00000000000
    14009,     4009, -0.00000000000000    ,  5000.00000000000
    14008,    14008,  0.00000000000000    , -5000.00000000000
    14008,     4008, -0.00000000000000    ,  5000.00000000000
    14007,    14007,  0.00000000000000    , -5000.00000000000
    14007,     4007, -0.00000000000000    ,  5000.00000000000
    14006,    14006,  0.00000000000000    , -5000.00000000000
    14006,     4006, -0.00000000000000    ,  5000.00000000000
    14005,    14005,  0.00000000000000    , -5000.00000000000
    14005,     4005, -0.00000000000000    ,  5000.00000000000
    14004,    14004,  0.00000000000000    , -5000.00000000000
    14004,     4004, -0.00000000000000    ,  5000.00000000000
    14003,    14003,  0.00000000000000    , -5000.00000000000
    14003,     4003, -0.00000000000000    ,  5000.00000000000
    14002,    14002,  0.00000000000000    , -5000.00000000000
    14002,     4002, -0.00000000000000    ,  5000.00000000000
    14001,    14001,  0.00000000000000    , -5000.00000000000
    14001,     4001, -0.00000000000000    ,  5000.00000000000
    13932,    13932,  0.00000000000000    , -5000.00000000000
    13932,     3932, -0.00000000000000    ,  5000.00000000000
     3932,     3932,  0.00000000000000    , -6999.99987792969
     3932,    13932, -0.00000000000000    ,  5000.00000000000
     3932,     3902, -0.00000000000000    ,  1999.99987792969
    13931,    13931,  0.00000000000000    , -5000.00000000000
    13931,     3931, -0.00000000000000    ,  5000.00000000000
     3931,     3931,  0.00000000000000    , -6999.99987792969
     3931,    13931, -0.00000000000000    ,  5000.00000000000
     3931,     3921, -0.00000000000000    ,  1999.99987792969
    13926,    13926,  0.00000000000000    , -5000.00000000000
    13926,     3926, -0.00000000000000    ,  5000.00000000000
    13925,    13925,  0.00000000000000    , -5000.00000000000
    13925,     3925, -0.00000000000000    ,  5000.00000000000
    13924,    13924,  0.00000000000000    , -5000.00000000000
    13924,     3924, -0.00000000000000    ,  5000.00000000000
    13923,    13923,  0.00000000000000    , -5000.00000000000
    13923,     3923, -0.00000000000000    ,  5000.00000000000
    13922,    13922,  0.00000000000000    , -5000.00000000000
    13922,     3922, -0.00000000000000    ,  5000.00000000000
    13921,    13921,  0.00000000000000    , -5000.00000000000
    13921,     3921, -0.00000000000000    ,  5000.00000000000
    13920,    13920,  0.00000000000000    , -5000.00000000000
    13920,     3920, -0.00000000000000    ,  5000.00000000000
    13919,    13919,  0.00000000000000    , -5000.00000000000
    13919,     3919, -0.00000000000000    ,  5000.00000000000
    13918,    13918,  0.00000000000000    , -5000.00000000000
    13918,     3918, -0.00000000000000    ,  5000.00000000000
    13917,    13917,  0.00000000000000    , -5000.00000000000
    13917,     3917, -0.00000000000000    ,  5000.00000000000
    13916,    13916,  0.00000000000000    , -5000.00000000000
    13916,     3916, -0.00000000000000    ,  5000.00000000000
     3916,     3916,  2.10599648952484    , -5014.53362177312
     3916,    13916, -0.00000000000000    ,  5000.00000000000
     3916,     3911, -1.26068150997162    ,  8.60180854797363
     3916,     3924,-0.845314979553223    ,  6.09156322479248
    13915,    13915,  0.00000000000000    , -5000.00000000000
    13915,     3915, -0.00000000000000    ,  5000.00000000000
    13914,    13914,  0.00000000000000    , -5000.00000000000
    13914,     3914, -0.00000000000000    ,  5000.00000000000
    13913,    13913,  0.00000000000000    , -5000.00000000000
    13913,     3913, -0.00000000000000    ,  5000.00000000000
    13912,    13912,  0.00000000000000    , -5000.00000000000
    13912,     3912, -0.00000000000000    ,  5000.00000000000
     3912,     3912,  2.28847658634186    , -5015.15824507549
     3912,    13912, -0.00000000000000    ,  5000.00000000000
     3912,     3911, -1.57392883300781    ,  10.5551176071167
     3912,     3924,-0.714547753334045    ,  4.78078746795654
    13911,    13911,  0.00000000000000    , -5000.00000000000
    13911,     3911, -0.00000000000000    ,  5000.00000000000
    13910,    13910,  0.00000000000000    , -5000.00000000000
    13910,     3910, -0.00000000000000    ,  5000.00000000000
     3910,     3910,  2.26700133085251    , -5015.31023069844
     3910,    13910, -0.00000000000000    ,  5000.00000000000
     3910,     3911,-0.846936643123627    ,  5.77977943420410
     3910,     3924, -1.42006468772888    ,  9.69194126129150
    13909,    13909,  0.00000000000000    , -5000.00000000000
    13909,     3909, -0.00000000000000    ,  5000.00000000000
    13908,    13908,  0.00000000000000    , -5000.00000000000
    13908,     3908, -0.00000000000000    ,  5000.00000000000
    13907,    13907,  0.00000000000000    , -5000.00000000000
    13907,     3907, -0.00000000000000    ,  5000.00000000000
    13906,    13906,  0.00000000000000    , -5000.00000000000
    13906,     3906, -0.00000000000000    ,  5000.00000000000
    13905,    13905,  0.00000000000000    , -5000.00000000000
    13905,     3905, -0.00000000000000    ,  5000.00000000000
    13904,    13904,  0.00000000000000    , -5000.00000000000
    13904,     3904, -0.00000000000000    ,  5000.00000000000
    13903,    13903,  0.00000000000000    , -5000.00000000000
    13903,     3903, -0.00000000000000    ,  5000.00000000000
    13902,    13902,  0.00000000000000    , -5000.00000000000
    13902,     3902, -0.00000000000000    ,  5000.00000000000
    13901,    13901,  0.00000000000000    , -5000.00000000000
    13901,     3901, -0.00000000000000    ,  5000.00000000000
    13897,    13897,  0.00000000000000    , -5000.00000000000
    13897,     3897, -0.00000000000000    ,  5000.00000000000
    13896,    13896,  0.00000000000000    , -5000.00000000000
    13896,     3896, -0.00000000000000    ,  5000.00000000000
    13895,    13895,  0.00000000000000    , -5000.00000000000
    13895,     3895, -0.00000000000000    ,  5000.00000000000
    13894,    13894,  0.00000000000000    , -5000.00000000000
    13894,     3894, -0.00000000000000    ,  5000.00000000000
    13893,    13893,  0.00000000000000    , -5000.00000000000
    13893,     3893, -0.00000000000000    ,  5000.00000000000
    13892,    13892,  0.00000000000000    , -5000.00000000000
    13892,     3892, -0.00000000000000    ,  5000.00000000000
    13891,    13891,  0.00000000000000    , -5000.00000000000
    13891,     3891, -0.00000000000000    ,  5000.00000000000
    13836,    13836,  0.00000000000000    , -5000.00000000000
    13836,     3836, -0.00000000000000    ,  5000.00000000000
     3836,     3836,  0.00000000000000    , -6999.99987792969
     3836,    13836, -0.00000000000000    ,  5000.00000000000
     3836,     3806, -0.00000000000000    ,  1999.99987792969
    13835,    13835,  0.00000000000000    , -5000.00000000000
    13835,     3835, -0.00000000000000    ,  5000.00000000000
     3835,     3835,  0.00000000000000    , -6999.99987792969
     3835,    13835, -0.00000000000000    ,  5000.00000000000
     3835,     3805, -0.00000000000000    ,  1999.99987792969
    13831,    13831,  0.00000000000000    , -5000.00000000000
    13831,     3831, -0.00000000000000    ,  5000.00000000000
     3831,     3831,  0.00000000000000    , -6999.99987792969
     3831,    13831, -0.00000000000000    ,  5000.00000000000
     3831,     3801, -0.00000000000000    ,  1999.99987792969
    13806,    13806,  0.00000000000000    , -5000.00000000000
    13806,     3806, -0.00000000000000    ,  5000.00000000000
    13805,    13805,  0.00000000000000    , -5000.00000000000
    13805,     3805, -0.00000000000000    ,  5000.00000000000
    13804,    13804,  0.00000000000000    , -5000.00000000000
    13804,     3804, -0.00000000000000    ,  5000.00000000000
    13803,    13803,  0.00000000000000    , -5000.00000000000
    13803,     3803, -0.00000000000000    ,  5000.00000000000
    13802,    13802,  0.00000000000000    , -5000.00000000000
    13802,     3802, -0.00000000000000    ,  5000.00000000000
    13801,    13801,  0.00000000000000    , -5000.00000000000
    13801,     3801, -0.00000000000000    ,  5000.00000000000
    13731,    13731,  0.00000000000000    , -5000.00000000000
    13731,     3731, -0.00000000000000    ,  5000.00000000000
     3731,     3731,  0.00000000000000    , -6999.99987792969
     3731,    13731, -0.00000000000000    ,  5000.00000000000
     3731,     3701, -0.00000000000000    ,  1999.99987792969
    13701,    13701,  0.00000000000000    , -5000.00000000000
    13701,     3701, -0.00000000000000    ,  5000.00000000000
    13631,    13631,  0.00000000000000    , -5000.00000000000
    13631,     3631, -0.00000000000000    ,  5000.00000000000
     3631,     3631,  0.00000000000000    , -6999.99987792969
     3631,    13631, -0.00000000000000    ,  5000.00000000000
     3631,     3601, -0.00000000000000    ,  1999.99987792969
    13601,    13601,  0.00000000000000    , -5000.00000000000
    13601,     3601, -0.00000000000000    ,  5000.00000000000
     3601,     3601,  3.70267486572266    , -7034.17336234450
     3601,     3631, -0.00000000000000    ,  1999.99987792969
     3601,    13601, -0.00000000000000    ,  5000.00000000000
     3601,     3925, -3.70267486572266    ,  34.2497444152832
     3925,     3925,  4.69730824232101    , -5067.58869513869
     3925,    13925, -0.00000000000000    ,  5000.00000000000
     3925,     3601, -3.70267486572266    ,  34.2497444152832
     3925,     3911,-0.994633376598358    ,  33.4152107238770
    13531,    13531,  0.00000000000000    , -5000.00000000000
    13531,     3531, -0.00000000000000    ,  5000.00000000000
     3531,     3531,  0.00000000000000    , -6999.99987792969
     3531,    13531, -0.00000000000000    ,  5000.00000000000
     3531,     3501, -0.00000000000000    ,  1999.99987792969
    13501,    13501,  0.00000000000000    , -5000.00000000000
    13501,     3501, -0.00000000000000    ,  5000.00000000000
    13433,    13433,  0.00000000000000    , -5000.00000000000
    13433,     3433, -0.00000000000000    ,  5000.00000000000
     3433,     3433,  0.00000000000000    , -6999.99987792969
     3433,    13433, -0.00000000000000    ,  5000.00000000000
     3433,     3403, -0.00000000000000    ,  1999.99987792969
    13432,    13432,  0.00000000000000    , -5000.00000000000
    13432,     3432, -0.00000000000000    ,  5000.00000000000
     3432,     3432,  0.00000000000000    , -6999.99987792969
     3432,    13432, -0.00000000000000    ,  5000.00000000000
     3432,     3402, -0.00000000000000    ,  1999.99987792969
    13405,    13405,  0.00000000000000    , -5000.00000000000
    13405,     3405, -0.00000000000000    ,  5000.00000000000
    13404,    13404,  0.00000000000000    , -5000.00000000000
    13404,     3404, -0.00000000000000    ,  5000.00000000000
    13403,    13403,  0.00000000000000    , -5000.00000000000
    13403,     3403, -0.00000000000000    ,  5000.00000000000
     3403,     3403,  7.40534973144531    , -7068.34684675932
     3403,     3433, -0.00000000000000    ,  1999.99987792969
     3403,    13403, -0.00000000000000    ,  5000.00000000000
     3403,     3804, -3.70267486572266    ,  34.2497444152832
     3403,     3404, -3.70267486572266    ,  34.2497444152832
    13402,    13402,  0.00000000000000    , -5000.00000000000
    13402,     3402, -0.00000000000000    ,  5000.00000000000
     3402,     3402,  7.40534973144531    , -7068.34684675932
     3402,     3432, -0.00000000000000    ,  1999.99987792969
     3402,    13402, -0.00000000000000    ,  5000.00000000000
     3402,     3401, -7.40534973144531    ,  68.4994888305664
    13401,    13401,  0.00000000000000    , -5000.00000000000
    13401,     3401, -0.00000000000000    ,  5000.00000000000
    13333,    13333,  0.00000000000000    , -5000.00000000000
    13333,     3333, -0.00000000000000    ,  5000.00000000000
     3333,     3333,  0.00000000000000    , -6999.99987792969
     3333,    13333, -0.00000000000000    ,  5000.00000000000
     3333,     3303, -0.00000000000000    ,  1999.99987792969
    13305,    13305,  0.00000000000000    , -5000.00000000000
    13305,     3305, -0.00000000000000    ,  5000.00000000000
    13304,    13304,  0.00000000000000    , -5000.00000000000
    13304,     3304, -0.00000000000000    ,  5000.00000000000
    13303,    13303,  0.00000000000000    , -5000.00000000000
    13303,     3303, -0.00000000000000    ,  5000.00000000000
    13302,    13302,  0.00000000000000    , -5000.00000000000
    13302,     3302, -0.00000000000000    ,  5000.00000000000
    13301,    13301,  0.00000000000000    , -5000.00000000000
    13301,     3301, -0.00000000000000    ,  5000.00000000000
    13234,    13234,  0.00000000000000    , -5000.00000000000
    13234,     3234, -0.00000000000000    ,  5000.00000000000
     3234,     3234,  0.00000000000000    , -6999.99987792969
     3234,    13234, -0.00000000000000    ,  5000.00000000000
     3234,     3204, -0.00000000000000    ,  1999.99987792969
    13205,    13205,  0.00000000000000    , -5000.00000000000
    13205,     3205, -0.00000000000000    ,  5000.00000000000
    13204,    13204,  0.00000000000000    , -5000.00000000000
    13204,     3204, -0.00000000000000    ,  5000.00000000000
    13203,    13203,  0.00000000000000    , -5000.00000000000
    13203,     3203, -0.00000000000000    ,  5000.00000000000
    13202,    13202,  0.00000000000000    , -5000.00000000000
    13202,     3202, -0.00000000000000    ,  5000.00000000000
    13201,    13201,  0.00000000000000    , -5000.00000000000
    13201,     3201, -0.00000000000000    ,  5000.00000000000
    13135,    13135,  0.00000000000000    , -5000.00000000000
    13135,     3135, -0.00000000000000    ,  5000.00000000000
     3135,     3135,  0.00000000000000    , -6999.99987792969
     3135,    13135, -0.00000000000000    ,  5000.00000000000
     3135,     3105, -0.00000000000000    ,  1999.99987792969
    13133,    13133,  0.00000000000000    , -5000.00000000000
    13133,     3133, -0.00000000000000    ,  5000.00000000000
     3133,     3133,  0.00000000000000    , -6999.99987792969
     3133,    13133, -0.00000000000000    ,  5000.00000000000
     3133,     3103, -0.00000000000000    ,  1999.99987792969
    13105,    13105,  0.00000000000000    , -5000.00000000000
    13105,     3105, -0.00000000000000    ,  5000.00000000000
     3105,     3105,  3.70267486572266    , -7034.17336234450
     3105,     3135, -0.00000000000000    ,  1999.99987792969
     3105,    13105, -0.00000000000000    ,  5000.00000000000
     3105,     3104, -3.70267486572266    ,  34.2497444152832
    13104,    13104,  0.00000000000000    , -5000.00000000000
    13104,     3104, -0.00000000000000    ,  5000.00000000000
     3104,     3104,  4.69730824232101    , -5067.58869513869
     3104,     3105, -3.70267486572266    ,  34.2497444152832
     3104,    13104, -0.00000000000000    ,  5000.00000000000
     3104,     3102,-0.994633376598358    ,  33.4152107238770
    13103,    13103,  0.00000000000000    , -5000.00000000000
    13103,     3103, -0.00000000000000    ,  5000.00000000000
    13102,    13102,  0.00000000000000    , -5000.00000000000
    13102,     3102, -0.00000000000000    ,  5000.00000000000
    13101,    13101,  0.00000000000000    , -5000.00000000000
    13101,     3101, -0.00000000000000    ,  5000.00000000000
     3101,     3101,  13.5384616851807    , -5156.25969348103
     3101,    13101, -0.00000000000000    ,  5000.00000000000
     3101,     3102, -13.5384616851807    ,  156.307693481445
    12902,    12902,  0.00000000000000    , -5000.00000000000
    12902,     2902, -0.00000000000000    ,  5000.00000000000
     2902,     2902,  4.76222264766693    , -5100.10665017366
     2902,    12902, -0.00000000000000    ,  5000.00000000000
     2902,     2401, -1.96970808506012    ,  32.1373405456543
     2902,     2901, -2.79251456260681    ,  70.5608596801758
    12901,    12901,  0.00000000000000    , -5000.00000000000
    12901,     2901, -0.00000000000000    ,  5000.00000000000
    12638,    12638,  0.00000000000000    , -5000.00000000000
    12638,     2638, -0.00000000000000    ,  5000.00000000000
     2638,     2638,  0.00000000000000    , -6999.99987792969
     2638,    12638, -0.00000000000000    ,  5000.00000000000
     2638,     2608, -0.00000000000000    ,  1999.99987792969
    12637,    12637,  0.00000000000000    , -5000.00000000000
    12637,     2637, -0.00000000000000    ,  5000.00000000000
     2637,     2637,  0.00000000000000    , -6999.99987792969
     2637,    12637, -0.00000000000000    ,  5000.00000000000
     2637,     2612, -0.00000000000000    ,  1999.99987792969
    12634,    12634,  0.00000000000000    , -5000.00000000000
    12634,     2634, -0.00000000000000    ,  5000.00000000000
     2634,     2634,  0.00000000000000    , -6999.99987792969
     2634,    12634, -0.00000000000000    ,  5000.00000000000
     2634,     2604, -0.00000000000000    ,  1999.99987792969
    12631,    12631,  0.00000000000000    , -5000.00000000000
    12631,     2631, -0.00000000000000    ,  5000.00000000000
     2631,     2631,  0.00000000000000    , -6999.99987792969
     2631,    12631, -0.00000000000000    ,  5000.00000000000
     2631,     2611, -0.00000000000000    ,  1999.99987792969
    12630,    12630,  0.00000000000000    , -5000.00000000000
    12630,     2630, -0.00000000000000    ,  5000.00000000000
     2630,     2630,  0.00000000000000    , -6999.99987792969
     2630,    12630, -0.00000000000000    ,  5000.00000000000
     2630,     2610, -0.00000000000000    ,  1999.99987792969
    12621,    12621,  0.00000000000000    , -5000.00000000000
    12621,     2621, -0.00000000000000    ,  5000.00000000000
    12620,    12620,  0.00000000000000    , -5000.00000000000
    12620,     2620, -0.00000000000000    ,  5000.00000000000
     2620,     2620,  34.9573717117310    , -5276.90543486271
     2620,    12620, -0.00000000000000    ,  5000.00000000000
     2620,     2615, -13.1305627822876    ,  100.428283691406
     2620,     2612, -21.8268089294434    ,  176.512451171875
    12619,    12619,  0.00000000000000    , -5000.00000000000
    12619,     2619, -0.00000000000000    ,  5000.00000000000
    12618,    12618,  0.00000000000000    , -5000.00000000000
    12618,     2618, -0.00000000000000    ,  5000.00000000000
     2618,     2618,  64.1745018959045    , -5424.18071637116
     2618,    12618, -0.00000000000000    ,  5000.00000000000
     2618,     2608, -1.40647554397583    ,  21.2883052825928
     2618,     2612, -62.7680263519287    ,  402.981491088867
    12617,    12617,  0.00000000000000    , -5000.00000000000
    12617,     2617, -0.00000000000000    ,  5000.00000000000
    12616,    12616,  0.00000000000000    , -5000.00000000000
    12616,     2616, -0.00000000000000    ,  5000.00000000000
    12615,    12615,  0.00000000000000    , -5000.00000000000
    12615,     2615, -0.00000000000000    ,  5000.00000000000
    12614,    12614,  0.00000000000000    , -5000.00000000000
    12614,     2614, -0.00000000000000    ,  5000.00000000000
    12613,    12613,  0.00000000000000    , -5000.00000000000
    12613,     2613, -0.00000000000000    ,  5000.00000000000
     2613,     2613,  46.8497990369797    , -5495.77155084535
     2613,    12613, -0.00000000000000    ,  5000.00000000000
     2613,     2610, -3.63157832622528    ,  56.2435684204102
     2613,     2617, -15.8766355514526    ,  169.158340454102
     2613,     2616, -27.3415851593018    ,  270.460021972656
    12612,    12612,  0.00000000000000    , -5000.00000000000
    12612,     2612, -0.00000000000000    ,  5000.00000000000
    12611,    12611,  0.00000000000000    , -5000.00000000000
    12611,     2611, -0.00000000000000    ,  5000.00000000000
     2611,     2611,  17.2933336496353    , -7259.10559178377
     2611,     2631, -0.00000000000000    ,  1999.99987792969
     2611,    12611, -0.00000000000000    ,  5000.00000000000
     2611,     2608, -1.96539556980133    ,  29.7566204071045
     2611,     2612, -15.3279380798340    ,  229.390533447266
    12610,    12610,  0.00000000000000    , -5000.00000000000
    12610,     2610, -0.00000000000000    ,  5000.00000000000
     2610,     2610,  7.26570999622345    , -7111.65148748457
     2610,     2630, -0.00000000000000    ,  1999.99987792969
     2610,     2613, -3.63157832622528    ,  56.2435684204102
     2610,    12610, -0.00000000000000    ,  5000.00000000000
     2610,     2617, -1.51608538627625    ,  23.1783008575439
     2610,     2616, -2.11804628372192    ,  32.3924102783203
    12609,    12609,  0.00000000000000    , -5000.00000000000
    12609,     2609, -0.00000000000000    ,  5000.00000000000
     2609,     2609,  21.0842704772949    , -5323.49144471623
     2609,    12609, -0.00000000000000    ,  5000.00000000000
     2609,     2617, -12.1308326721191    ,  185.775039672852
     2609,     2615, -8.95343780517578    ,  137.730545043945
    12608,    12608,  0.00000000000000    , -5000.00000000000
    12608,     2608, -0.00000000000000    ,  5000.00000000000
     2608,     2608,  7.29013180732727    , -7106.13816559315
     2608,     2638, -0.00000000000000    ,  1999.99987792969
     2608,     2618, -1.40647554397583    ,  21.2883052825928
     2608,     2611, -1.96539556980133    ,  29.7566204071045
     2608,    12608, -0.00000000000000    ,  5000.00000000000
     2608,     2619, -1.92157924175262    ,  29.0957698822021
     2608,     2612, -1.99668145179749    ,  26.1634120941162
    12607,    12607,  0.00000000000000    , -5000.00000000000
    12607,     2607, -0.00000000000000    ,  5000.00000000000
    12606,    12606,  0.00000000000000    , -5000.00000000000
    12606,     2606, -0.00000000000000    ,  5000.00000000000
    12605,    12605,  0.00000000000000    , -5000.00000000000
    12605,     2605, -0.00000000000000    ,  5000.00000000000
    12604,    12604,  0.00000000000000    , -5000.00000000000
    12604,     2604, -0.00000000000000    ,  5000.00000000000
    12603,    12603,  0.00000000000000    , -5000.00000000000
    12603,     2603, -0.00000000000000    ,  5000.00000000000
    12602,    12602,  0.00000000000000    , -5000.00000000000
    12602,     2602, -0.00000000000000    ,  5000.00000000000
    12601,    12601,  0.00000000000000    , -5000.00000000000
    12601,     2601, -0.00000000000000    ,  5000.00000000000
    12600,    12600,  0.00000000000000    , -5000.00000000000
    12600,     2600, -0.00000000000000    ,  5000.00000000000
    12533,    12533,  0.00000000000000    , -5000.00000000000
    12533,     2533, -0.00000000000000    ,  5000.00000000000
     2533,     2533,  0.00000000000000    , -6999.99987792969
     2533,    12533, -0.00000000000000    ,  5000.00000000000
     2533,     2503, -0.00000000000000    ,  1999.99987792969
    12503,    12503,  0.00000000000000    , -5000.00000000000
    12503,     2503, -0.00000000000000    ,  5000.00000000000
    12502,    12502,  0.00000000000000    , -5000.00000000000
    12502,     2502, -0.00000000000000    ,  5000.00000000000
    12501,    12501,  0.00000000000000    , -5000.00000000000
    12501,     2501, -0.00000000000000    ,  5000.00000000000
    12439,    12439,  0.00000000000000    , -5000.00000000000
    12439,     2439, -0.00000000000000    ,  5000.00000000000
     2439,     2439,  0.00000000000000    , -15000.0000000000
     2439,    12439, -0.00000000000000    ,  5000.00000000000
     2439,     2409, -0.00000000000000    ,  10000.0000000000
    12438,    12438,  0.00000000000000    , -5000.00000000000
    12438,     2438, -0.00000000000000    ,  5000.00000000000
     2438,     2438,  0.00000000000000    , -6999.99987792969
     2438,    12438, -0.00000000000000    ,  5000.00000000000
     2438,     2408, -0.00000000000000    ,  1999.99987792969
    12434,    12434,  0.00000000000000    , -5000.00000000000
    12434,     2434, -0.00000000000000    ,  5000.00000000000
     2434,     2434,  0.00000000000000    , -15000.0000000000
     2434,    12434, -0.00000000000000    ,  5000.00000000000
     2434,     2411, -0.00000000000000    ,  10000.0000000000
    12431,    12431,  0.00000000000000    , -5000.00000000000
    12431,     2431, -0.00000000000000    ,  5000.00000000000
     2431,     2431,  0.00000000000000    , -15000.0000000000
     2431,    12431, -0.00000000000000    ,  5000.00000000000
     2431,     2401, -0.00000000000000    ,  10000.0000000000
    12411,    12411,  0.00000000000000    , -5000.00000000000
    12411,     2411, -0.00000000000000    ,  5000.00000000000
    12410,    12410,  0.00000000000000    , -5000.00000000000
    12410,     2410, -0.00000000000000    ,  5000.00000000000
    12409,    12409,  0.00000000000000    , -5000.00000000000
    12409,     2409, -0.00000000000000    ,  5000.00000000000
    12408,    12408,  0.00000000000000    , -5000.00000000000
    12408,     2408, -0.00000000000000    ,  5000.00000000000
    12407,    12407,  0.00000000000000    , -5000.00000000000
    12407,     2407, -0.00000000000000    ,  5000.00000000000
     2407,     2407,  6.76923084259033    , -5078.12984674051
     2407,    12407, -0.00000000000000    ,  5000.00000000000
     2407,     2408, -6.76923084259033    ,  78.1538467407227
    12406,    12406,  0.00000000000000    , -5000.00000000000
    12406,     2406, -0.00000000000000    ,  5000.00000000000
    12405,    12405,  0.00000000000000    , -5000.00000000000
    12405,     2405, -0.00000000000000    ,  5000.00000000000
    12404,    12404,  0.00000000000000    , -5000.00000000000
    12404,     2404, -0.00000000000000    ,  5000.00000000000
    12403,    12403,  0.00000000000000    , -5000.00000000000
    12403,     2403, -0.00000000000000    ,  5000.00000000000
    12402,    12402,  0.00000000000000    , -5000.00000000000
    12402,     2402, -0.00000000000000    ,  5000.00000000000
    12401,    12401,  0.00000000000000    , -5000.00000000000
    12401,     2401, -0.00000000000000    ,  5000.00000000000
    12400,    12400,  0.00000000000000    , -5000.00000000000
    12400,     2400, -0.00000000000000    ,  5000.00000000000
    12332,    12332,  0.00000000000000    , -5000.00000000000
    12332,     2332, -0.00000000000000    ,  5000.00000000000
     2332,     2332,  0.00000000000000    , -6999.99987792969
     2332,    12332, -0.00000000000000    ,  5000.00000000000
     2332,     2302, -0.00000000000000    ,  1999.99987792969
    12302,    12302,  0.00000000000000    , -5000.00000000000
    12302,     2302, -0.00000000000000    ,  5000.00000000000
    12301,    12301,  0.00000000000000    , -5000.00000000000
    12301,     2301, -0.00000000000000    ,  5000.00000000000
    12233,    12233,  0.00000000000000    , -5000.00000000000
    12233,     2233, -0.00000000000000    ,  5000.00000000000
     2233,     2233,  0.00000000000000    , -6999.99987792969
     2233,    12233, -0.00000000000000    ,  5000.00000000000
     2233,     2203, -0.00000000000000    ,  1999.99987792969
    12203,    12203,  0.00000000000000    , -5000.00000000000
    12203,     2203, -0.00000000000000    ,  5000.00000000000
     2203,     2203,  14.8106994628906    , -7136.69381558895
     2203,     2233, -0.00000000000000    ,  1999.99987792969
     2203,    12203, -0.00000000000000    ,  5000.00000000000
     2203,     2202, -7.40534973144531    ,  68.4994888305664
     2203,     2503, -7.40534973144531    ,  68.4994888305664
    12202,    12202,  0.00000000000000    , -5000.00000000000
    12202,     2202, -0.00000000000000    ,  5000.00000000000
    12201,    12201,  0.00000000000000    , -5000.00000000000
    12201,     2201, -0.00000000000000    ,  5000.00000000000
    12130,    12130,  0.00000000000000    , -5000.00000000000
    12130,     2130, -0.00000000000000    ,  5000.00000000000
     2130,     2130,  0.00000000000000    , -6999.99987792969
     2130,    12130, -0.00000000000000    ,  5000.00000000000
     2130,     2100, -0.00000000000000    ,  1999.99987792969
    12100,    12100,  0.00000000000000    , -5000.00000000000
    12100,     2100, -0.00000000000000    ,  5000.00000000000
    12030,    12030,  0.00000000000000    , -5000.00000000000
    12030,     2030, -0.00000000000000    ,  5000.00000000000
     2030,     2030,  0.00000000000000    , -6999.99987792969
     2030,    12030, -0.00000000000000    ,  5000.00000000000
     2030,     2000, -0.00000000000000    ,  1999.99987792969
    12000,    12000,  0.00000000000000    , -5000.00000000000
    12000,     2000, -0.00000000000000    ,  5000.00000000000
    11431,    11431,  0.00000000000000    , -5000.00000000000
    11431,     1431, -0.00000000000000    ,  5000.00000000000
     1431,     1431,  0.00000000000000    , -6999.99987792969
     1431,    11431, -0.00000000000000    ,  5000.00000000000
     1431,     1401, -0.00000000000000    ,  1999.99987792969
    11403,    11403,  0.00000000000000    , -5000.00000000000
    11403,     1403, -0.00000000000000    ,  5000.00000000000
    11402,    11402,  0.00000000000000    , -5000.00000000000
    11402,     1402, -0.00000000000000    ,  5000.00000000000
    11401,    11401,  0.00000000000000    , -5000.00000000000
    11401,     1401, -0.00000000000000    ,  5000.00000000000
    11333,    11333,  0.00000000000000    , -5000.00000000000
    11333,     1333, -0.00000000000000    ,  5000.00000000000
     1333,     1333,  0.00000000000000    , -6999.99987792969
     1333,    11333, -0.00000000000000    ,  5000.00000000000
     1333,     1303, -0.00000000000000    ,  1999.99987792969
    11331,    11331,  0.00000000000000    , -5000.00000000000
    11331,     1331, -0.00000000000000    ,  5000.00000000000
     1331,     1331,  0.00000000000000    , -6999.99987792969
     1331,    11331, -0.00000000000000    ,  5000.00000000000
     1331,     1301, -0.00000000000000    ,  1999.99987792969
    11303,    11303,  0.00000000000000    , -5000.00000000000
    11303,     1303, -0.00000000000000    ,  5000.00000000000
    11302,    11302,  0.00000000000000    , -5000.00000000000
    11302,     1302, -0.00000000000000    ,  5000.00000000000
    11301,    11301,  0.00000000000000    , -5000.00000000000
    11301,     1301, -0.00000000000000    ,  5000.00000000000
    11232,    11232,  0.00000000000000    , -5000.00000000000
    11232,     1232, -0.00000000000000    ,  5000.00000000000
     1232,     1232,  0.00000000000000    , -6999.99987792969
     1232,    11232, -0.00000000000000    ,  5000.00000000000
     1232,     1202, -0.00000000000000    ,  1999.99987792969
    11202,    11202,  0.00000000000000    , -5000.00000000000
    11202,     1202, -0.00000000000000    ,  5000.00000000000
    11201,    11201,  0.00000000000000    , -5000.00000000000
    11201,     1201, -0.00000000000000    ,  5000.00000000000
    11131,    11131,  0.00000000000000    , -5000.00000000000
    11131,     1131, -0.00000000000000    ,  5000.00000000000
     1131,     1131,  0.00000000000000    , -6999.99987792969
     1131,    11131, -0.00000000000000    ,  5000.00000000000
     1131,     1101, -0.00000000000000    ,  1999.99987792969
    11102,    11102,  0.00000000000000    , -5000.00000000000
    11102,     1102, -0.00000000000000    ,  5000.00000000000
    11101,    11101,  0.00000000000000    , -5000.00000000000
    11101,     1101, -0.00000000000000    ,  5000.00000000000
    11034,    11034,  0.00000000000000    , -5000.00000000000
    11034,     1034, -0.00000000000000    ,  5000.00000000000
     1034,     1034,  0.00000000000000    , -6999.99987792969
     1034,    11034, -0.00000000000000    ,  5000.00000000000
     1034,     1004, -0.00000000000000    ,  1999.99987792969
    11032,    11032,  0.00000000000000    , -5000.00000000000
    11032,     1032, -0.00000000000000    ,  5000.00000000000
     1032,     1032,  0.00000000000000    , -6999.99987792969
     1032,    11032, -0.00000000000000    ,  5000.00000000000
     1032,     1002, -0.00000000000000    ,  1999.99987792969
    11004,    11004,  0.00000000000000    , -5000.00000000000
    11004,     1004, -0.00000000000000    ,  5000.00000000000
    11003,    11003,  0.00000000000000    , -5000.00000000000
    11003,     1003, -0.00000000000000    ,  5000.00000000000
     1003,     1003,  2.96997880935669    , -5144.34510040283
     1003,    11003, -0.00000000000000    ,  5000.00000000000
     1003,     1002, -2.96997880935669    ,  144.345100402832
    11002,    11002,  0.00000000000000    , -5000.00000000000
    11002,     1002, -0.00000000000000    ,  5000.00000000000
    11001,    11001,  0.00000000000000    , -5000.00000000000
    11001,     1001, -0.00000000000000    ,  5000.00000000000
     1101,     1101,  12.3606662750244    , -7229.11322939396
     1101,     1131, -0.00000000000000    ,  1999.99987792969
     1101,    11101, -0.00000000000000    ,  5000.00000000000
     1101,     1102, -0.00000000000000    ,  136.986297607422
     1101,     1401, -12.3606662750244    ,  93.1464538574219
     1102,     1102,  8.98552608489990    , -5234.20486092567
     1102,    11102, -0.00000000000000    ,  5000.00000000000
     1102,     1101, -0.00000000000000    ,  136.986297607422
     1102,     1002, -8.98552608489990    ,  99.7945632934570
     1303,     1303, 0.431213706731796    , -7145.61002045870
     1303,     1333, -0.00000000000000    ,  1999.99987792969
     1303,    11303, -0.00000000000000    ,  5000.00000000000
     1303,     1302, -0.00000000000000    ,  138.888885498047
     1303,     6507,-0.431213706731796    ,  7.27905702590942
     1403,     1403,  3.15323698520660    , -5086.36859616637
     1403,    11403, -0.00000000000000    ,  5000.00000000000
     1403,     2100, -1.68356263637543    ,  14.0144138336182
     1403,     1401, -1.46967434883118    ,  72.4339523315430
     2000,     2000, 0.946234583854675    , -7036.86706846952
     2000,     2030, -0.00000000000000    ,  1999.99987792969
     2000,    12000, -0.00000000000000    ,  5000.00000000000
     2000,     2302,-0.473117291927338    ,  18.5098552703857
     2000,     2202,-0.473117291927338    ,  18.5098552703857
     2201,     2201,  2.79573178291321    , -5438.34487903118
     2201,    12201, -0.00000000000000    ,  5000.00000000000
     2201,     2301, -2.79573178291321    ,  39.4213790893555
     2201,     2202, -0.00000000000000    ,  400.000000000000
     2403,     2403,  9.73329925537109    , -5216.91131898761
     2403,    12403, -0.00000000000000    ,  5000.00000000000
     2403,     2400, -5.11702728271484    ,  110.259757995605
     2403,     2501, -4.61627197265625    ,  107.328330993652
     2602,     2602,  4.29352211952209    , -5203.50093019009
     2602,    12602, -0.00000000000000    ,  5000.00000000000
     2602,     2600, -2.94017672538757    ,  59.8074951171875
     2602,     2615, -1.35334539413452    ,  144.287445068359
     2604,     2604,  7.11071777343750    , -7090.82477004826
     2604,     2634, -0.00000000000000    ,  1999.99987792969
     2604,    12604, -0.00000000000000    ,  5000.00000000000
     2604,     6404, -1.14541578292847    ,  10.2345027923584
     2604,     6504, -5.96530199050903    ,  81.1943893432617
     2605,     2605,  4.33131825923920    , -5079.20349463820
     2605,    12605, -0.00000000000000    ,  5000.00000000000
     2605,     2621, -2.64982509613037    ,  66.9642257690430
     2605,     2607, -1.68149316310883    ,  12.4226188659668
     2606,     2606,  4.33131825923920    , -5079.20349463820
     2606,    12606, -0.00000000000000    ,  5000.00000000000
     2606,     2621, -2.64982509613037    ,  66.9642257690430
     2606,     2607, -1.68149316310883    ,  12.4226188659668
     2621,     2621,  8.66467106342316    , -5283.66767120361
     2621,    12621, -0.00000000000000    ,  5000.00000000000
     2621,     2605, -2.64982509613037    ,  66.9642257690430
     2621,     2606, -2.64982509613037    ,  66.9642257690430
     2621,     2614, -3.36502087116241    ,  149.739219665527
     2607,     2607,  3.72884148359299    , -5067.24700850248
     2607,    12607, -0.00000000000000    ,  5000.00000000000
     2607,     2605, -1.68149316310883    ,  12.4226188659668
     2607,     2606, -1.68149316310883    ,  12.4226188659668
     2607,     2603,-0.365855157375336    ,  42.7684707641602
     2619,     2619,  54.1196955442429    , -6658.38226895314
     2619,    12619, -0.00000000000000    ,  5000.00000000000
     2619,     2608, -1.92157924175262    ,  29.0957698822021
     2619,     2612, -52.1981163024902    ,  759.772613525391
     2619,     2405, -0.00000000000000    ,  869.565185546875
     2617,     2617,  52.4782402515411    , -5620.71507061226
     2617,    12617, -0.00000000000000    ,  5000.00000000000
     2617,     2613, -15.8766355514526    ,  169.158340454102
     2617,     2610, -1.51608538627625    ,  23.1783008575439
     2617,     2609, -12.1308326721191    ,  185.775039672852
     2617,     2616, -7.71485376358032    ,  83.3905563354492
     2617,     2615, -15.2398328781128    ,  159.313873291016
     2616,     2616,  51.0008449554443    , -5580.30349613400
     2616,    12616, -0.00000000000000    ,  5000.00000000000
     2616,     2613, -27.3415851593018    ,  270.460021972656
     2616,     2610, -2.11804628372192    ,  32.3924102783203
     2616,     2617, -7.71485376358032    ,  83.3905563354492
     2616,     2614, -13.8263597488403    ,  194.137237548828
     2614,     2614,  17.1913806200027    , -5343.85087721422
     2614,    12614, -0.00000000000000    ,  5000.00000000000
     2614,     2621, -3.36502087116241    ,  149.739219665527
     2614,     2616, -13.8263597488403    ,  194.137237548828
     2600,     2600,  5.07348108291626    , -6369.90356251597
     2600,    12600, -0.00000000000000    ,  5000.00000000000
     2600,     2602, -2.94017672538757    ,  59.8074951171875
     2600,     2601, -2.13330435752869    ,  53.6497230529785
     2600,     2603, -0.00000000000000    ,  1257.86169433594
     2615,     2615,  56.5794806480408    , -5665.43544871826
     2615,     2620, -13.1305627822876    ,  100.428283691406
     2615,    12615, -0.00000000000000    ,  5000.00000000000
     2615,     2609, -8.95343780517578    ,  137.730545043945
     2615,     2602, -1.35334539413452    ,  144.287445068359
     2615,     2617, -15.2398328781128    ,  159.313873291016
     2615,     2612, -17.9023017883301    ,  123.752601623535
     2601,     2601,  5.82014954090118    , -5177.21548879147
     2601,    12601, -0.00000000000000    ,  5000.00000000000
     2601,     2600, -2.13330435752869    ,  53.6497230529785
     2601,     2612, -1.35298836231232    ,  72.1246871948242
     2601,     2603, -2.33385682106018    ,  52.9757385253906
     2612,     2612,  173.372861266136    , -8790.54396807356
     2612,     2637, -0.00000000000000    ,  1999.99987792969
     2612,     2620, -21.8268089294434    ,  176.512451171875
     2612,     2618, -62.7680263519287    ,  402.981491088867
     2612,    12612, -0.00000000000000    ,  5000.00000000000
     2612,     2611, -15.3279380798340    ,  229.390533447266
     2612,     2608, -1.99668145179749    ,  26.1634120941162
     2612,     2619, -52.1981163024902    ,  759.772613525391
     2612,     2615, -17.9023017883301    ,  123.752601623535
     2612,     2601, -1.35298836231232    ,  72.1246871948242
     3102,     3102,  41.6100184321404    , -5502.19429116696
     3102,     3104,-0.994633376598358    ,  33.4152107238770
     3102,    13102, -0.00000000000000    ,  5000.00000000000
     3102,     3101, -13.5384616851807    ,  156.307693481445
     3102,     3302, -6.76923084259033    ,  78.1538467407227
     3102,     3103, -20.3076925277710    ,  234.461540222168
     3302,     3302,  20.3076925277710    , -5234.38954022154
     3302,    13302, -0.00000000000000    ,  5000.00000000000
     3302,     3102, -6.76923084259033    ,  78.1538467407227
     3302,     3304, -13.5384616851807    ,  156.307693481445
     3304,     3304,  33.8461542129517    , -5390.64923370257
     3304,    13304, -0.00000000000000    ,  5000.00000000000
     3304,     3302, -13.5384616851807    ,  156.307693481445
     3304,     3303, -20.3076925277710    ,  234.461540222168
     3405,     3405,  14.8106994628906    , -5136.69393765926
     3405,    13405, -0.00000000000000    ,  5000.00000000000
     3405,     3401, -7.40534973144531    ,  68.4994888305664
     3405,     3907, -7.40534973144531    ,  68.4994888305664
     3501,     3501,  7.40534973144531    , -7068.34684675932
     3501,     3531, -0.00000000000000    ,  1999.99987792969
     3501,    13501, -0.00000000000000    ,  5000.00000000000
     3501,     3914, -3.70267486572266    ,  34.2497444152832
     3501,     3915, -3.70267486572266    ,  34.2497444152832
     3914,     3914,  7.40534973144531    , -5068.34696882963
     3914,    13914, -0.00000000000000    ,  5000.00000000000
     3914,     3501, -3.70267486572266    ,  34.2497444152832
     3914,     3205, -3.70267486572266    ,  34.2497444152832
     3915,     3915,  11.1080245971680    , -5102.52045324445
     3915,    13915, -0.00000000000000    ,  5000.00000000000
     3915,     3501, -3.70267486572266    ,  34.2497444152832
     3915,     3205, -3.70267486572266    ,  34.2497444152832
     3915,     3924, -3.70267486572266    ,  34.2497444152832
     3205,     3205,  27.7130422592163    , -5302.73650905117
     3205,    13205, -0.00000000000000    ,  5000.00000000000
     3205,     3914, -3.70267486572266    ,  34.2497444152832
     3205,     3915, -3.70267486572266    ,  34.2497444152832
     3205,     3202, -6.76923084259033    ,  78.1538467407227
     3205,     3204, -13.5384616851807    ,  156.307693481445
     3701,     3701,  9.39461648464203    , -7135.17726820707
     3701,     3731, -0.00000000000000    ,  1999.99987792969
     3701,    13701, -0.00000000000000    ,  5000.00000000000
     3701,     3926, -7.40534973144531    ,  68.4994888305664
     3701,     6402, -1.98926675319672    ,  66.8304214477539
     3801,     3801,  6.09001970291138    , -7145.08411335945
     3801,     3831, -0.00000000000000    ,  1999.99987792969
     3801,    13801, -0.00000000000000    ,  5000.00000000000
     3801,     3802, -2.10206437110901    ,  51.5404930114746
     3801,     3803, -3.98795533180237    ,  95.6650924682617
     3891,     3891,  3.00761747360229    , -4961.62973695993
     3891,    13891, -0.00000000000000    ,  5000.00000000000
     3891,     3802, -2.80681586265564    ,  62.3736915588379
     3891,     3803,-0.200801610946655    , -100.200004577637
     3805,     3805,  6.10519498586655    , -7175.63742789626
     3805,     3835, -0.00000000000000    ,  1999.99987792969
     3805,    13805, -0.00000000000000    ,  5000.00000000000
     3805,     3806, -3.70267486572266    ,  34.2497444152832
     3805,     3803, -2.40252012014389    ,  141.464065551758
     3806,     3806,  7.40534973144531    , -7068.34684675932
     3806,     3836, -0.00000000000000    ,  1999.99987792969
     3806,    13806, -0.00000000000000    ,  5000.00000000000
     3806,     3805, -3.70267486572266    ,  34.2497444152832
     3806,     3804, -3.70267486572266    ,  34.2497444152832
     3802,     3802,  8.00227171182632    , -5220.45007556677
     3802,    13802, -0.00000000000000    ,  5000.00000000000
     3802,     3801, -2.10206437110901    ,  51.5404930114746
     3802,     3891, -2.80681586265564    ,  62.3736915588379
     3802,     3804,-0.990589439868927    ,  57.4541854858398
     3802,     3901, -2.10280203819275    ,  50.2899055480957
     3892,     3892,  1.73596155643463    , -4929.58243680000
     3892,    13892, -0.00000000000000    ,  5000.00000000000
     3892,     3893, -1.73596155643463    ,  37.5278205871582
     3892,     3803, -0.00000000000000    , -106.951873779297
     3893,     3893,  1.73596155643463    , -4929.58243680000
     3893,    13893, -0.00000000000000    ,  5000.00000000000
     3893,     3892, -1.73596155643463    ,  37.5278205871582
     3893,     2404, -0.00000000000000    , -106.951873779297
     3894,     3894,  1.73205935955048    , -4930.55910110474
     3894,    13894, -0.00000000000000    ,  5000.00000000000
     3894,     3895, -1.73205935955048    ,  37.4857063293457
     3894,     3803, -0.00000000000000    , -105.932205200195
     3895,     3895,  1.73205935955048    , -4929.53943252563
     3895,    13895, -0.00000000000000    ,  5000.00000000000
     3895,     3894, -1.73205935955048    ,  37.4857063293457
     3895,     2404, -0.00000000000000    , -106.951873779297
     3896,     3896,  1.76438164710999    , -4931.78152143955
     3896,    13896, -0.00000000000000    ,  5000.00000000000
     3896,     3897, -1.76438164710999    ,  39.6513252258301
     3896,     3803, -0.00000000000000    , -106.951873779297
     3897,     3897,  1.76438164710999    , -4919.68577253819
     3897,    13897, -0.00000000000000    ,  5000.00000000000
     3897,     3896, -1.76438164710999    ,  39.6513252258301
     3897,     2404, -0.00000000000000    , -119.047622680664
     3908,     3908,  7.40534973144531    , -5068.34696882963
     3908,    13908, -0.00000000000000    ,  5000.00000000000
     3908,     3920, -3.70267486572266    ,  34.2497444152832
     3908,     3907, -3.70267486572266    ,  34.2497444152832
     3909,     3909,  7.40534973144531    , -5068.34696882963
     3909,    13909, -0.00000000000000    ,  5000.00000000000
     3909,     3919, -3.70267486572266    ,  34.2497444152832
     3909,     3920, -3.70267486572266    ,  34.2497444152832
     3919,     3919,  7.40534973144531    , -5068.34696882963
     3919,    13919, -0.00000000000000    ,  5000.00000000000
     3919,     3909, -3.70267486572266    ,  34.2497444152832
     3919,     3922, -3.70267486572266    ,  34.2497444152832
     3922,     3922,  8.39593917131424    , -5125.80115431547
     3922,    13922, -0.00000000000000    ,  5000.00000000000
     3922,     3919, -3.70267486572266    ,  34.2497444152832
     3922,     3905,-0.990589439868927    ,  57.4541854858398
     3922,     3920, -3.70267486572266    ,  34.2497444152832
     3917,     3917,  4.69326430559158    , -5091.62766990066
     3917,    13917, -0.00000000000000    ,  5000.00000000000
     3917,     3404, -3.70267486572266    ,  34.2497444152832
     3917,     3901,-0.990589439868927    ,  57.4541854858398
     3921,     3921,  7.58909279108047    , -7101.48905296251
     3921,     3931, -0.00000000000000    ,  1999.99987792969
     3921,    13921, -0.00000000000000    ,  5000.00000000000
     3921,     3911, -7.25880908966064    ,  44.1263408660889
     3921,     3906,-0.330283701419830    ,  57.4693641662598
     3926,     3926,  9.39461648464203    , -5135.17739027739
     3926,    13926, -0.00000000000000    ,  5000.00000000000
     3926,     3701, -7.40534973144531    ,  68.4994888305664
     3926,     3920, -1.98926675319672    ,  66.8304214477539
     4003,     4003,  5.77704858779907    , -5075.11429071426
     4003,    14003, -0.00000000000000    ,  5000.00000000000
     4003,     6101, -3.61623191833496    ,  36.8335113525391
     4003,     4002, -2.16081666946411    ,  42.0296592712402
     4007,     4007,  221.975555419922    , -12111.7393778218
     4007,    14007, -0.00000000000000    ,  5000.00000000000
     4007,     4010, -0.00000000000000    ,  452.488677978516
     4007,     4006, -221.975555419922    ,  6659.26708984375
     4010,     4010,  79.3606071472168    , -7074.01466899423
     4010,    14010, -0.00000000000000    ,  5000.00000000000
     4010,     4007, -0.00000000000000    ,  452.488677978516
     4010,     4009, -79.3606071472168    ,  1621.52954101562
     4009,     4009,  87.4103518724442    , -8891.31457438378
     4009,     4039, -0.00000000000000    ,  1999.99987792969
     4009,    14009, -0.00000000000000    ,  5000.00000000000
     4009,     4010, -79.3606071472168    ,  1621.52954101562
     4009,     4006, -3.09924900531769    ,  220.683753967285
     4009,     4104, -4.95049571990967    ,  49.5049514770508
     4008,     4008,  1.35734820365906    , -5153.06488162279
     4008,    14008, -0.00000000000000    ,  5000.00000000000
     4008,     6401, -1.35734820365906    ,  14.7337961196899
     4008,     4001, -0.00000000000000    ,  138.888885498047
     4090,     4090,  24.8908047676086    , -5490.51817314327
     4090,    14090, -0.00000000000000    ,  5000.00000000000
     4090,     4002, -21.1312255859375    ,  419.102630615234
     4090,     4001, -3.75957918167114    ,  72.1630325317383
     4091,     4091,  13.0965766906738    , -5230.59825941920
     4091,    14091, -0.00000000000000    ,  5000.00000000000
     4091,     4004, -7.52500724792480    ,  135.266586303711
     4091,     4002, -5.57156944274902    ,  96.2024230957031
     4092,     4092,  4.10674571990967    , -5684.35557684302
     4092,    14092, -0.00000000000000    ,  5000.00000000000
     4092,     4093, -0.00000000000000    ,  606.060607910156
     4092,     4004, -4.10674571990967    ,  78.7748489379883
     4093,     4093,  0.00000000000000    , -5526.88404083252
     4093,    14093, -0.00000000000000    ,  5000.00000000000
     4093,     4092, -0.00000000000000    ,  606.060607910156
     4093,     4094, -0.00000000000000    , -79.1765670776367
     4094,     4094,  3.44814181327820    , -4986.65321713686
     4094,    14094, -0.00000000000000    ,  5000.00000000000
     4094,     4093, -0.00000000000000    , -79.1765670776367
     4094,     4001, -3.44814181327820    ,  66.3988342285156
     4095,     4095,  4.10674571990967    , -5684.35557684302
     4095,    14095, -0.00000000000000    ,  5000.00000000000
     4095,     4096, -0.00000000000000    ,  606.060607910156
     4095,     4004, -4.10674571990967    ,  78.7748489379883
     4096,     4096,  0.00000000000000    , -5526.88404083252
     4096,    14096, -0.00000000000000    ,  5000.00000000000
     4096,     4095, -0.00000000000000    ,  606.060607910156
     4096,     4097, -0.00000000000000    , -79.1765670776367
     4097,     4097,  3.69622063636780    , -4990.86809802055
     4097,    14097, -0.00000000000000    ,  5000.00000000000
     4097,     4096, -0.00000000000000    , -79.1765670776367
     4097,     4001, -3.69622063636780    ,  70.5778350830078
     4203,     4203,  213.587746143341    , -5600.16507038474
     4203,    14203, -0.00000000000000    ,  5000.00000000000
     4203,     4204, -4.60132646560669    ,  78.7199859619141
     4203,     4202, -208.986419677734    ,  522.466064453125
     4204,     4204,  128.009277820587    , -5455.74447947741
     4204,    14204, -0.00000000000000    ,  5000.00000000000
     4204,     4203, -4.60132646560669    ,  78.7199859619141
     4204,     4001, -123.407951354980    ,  378.134643554688
     5001,     5001,  21.6380977630615    , -7556.45379936695
     5001,     5031, -0.00000000000000    ,  1999.99987792969
     5001,    15001, -0.00000000000000    ,  5000.00000000000
     5001,     5002, -7.12504386901855    ,  142.500885009766
     5001,     4201, -14.5130538940430    ,  417.906036376953
     5002,     5002,  7.12504386901855    , -7240.19776296616
     5002,     5032, -0.00000000000000    ,  1999.99987792969
     5002,    15002, -0.00000000000000    ,  5000.00000000000
     5002,     5001, -7.12504386901855    ,  142.500885009766
     5002,     5003, -0.00000000000000    ,  100.000000000000
     5003,     5003,  4.95049571990967    , -5149.10495147109
     5003,    15003, -0.00000000000000    ,  5000.00000000000
     5003,     5002, -0.00000000000000    ,  100.000000000000
     5003,     5004, -4.95049571990967    ,  49.5049514770508
     5004,     5004,  9.90099143981934    , -5098.20990294218
     5004,    15004, -0.00000000000000    ,  5000.00000000000
     5004,     5003, -4.95049571990967    ,  49.5049514770508
     5004,     4104, -4.95049571990967    ,  49.5049514770508
     6101,     6101,  3.61623191833496    , -5173.07706689835
     6101,    16101, -0.00000000000000    ,  5000.00000000000
     6101,     4003, -3.61623191833496    ,  36.8335113525391
     6101,     6102, -0.00000000000000    ,  138.888885498047
     6201,     6201,  9.83840787410736    , -7123.43089687824
     6201,     6231, -0.00000000000000    ,  1999.99987792969
     6201,    16201, -0.00000000000000    ,  5000.00000000000
     6201,     6202, -8.92293643951416    ,  70.0375747680664
     6201,     6203,-0.915471434593201    ,  55.2334442138672
     6205,     6205,  1.24694159626961    , -7048.61084461212
     6205,     6235, -0.00000000000000    ,  1999.99987792969
     6205,    16205, -0.00000000000000    ,  5000.00000000000
     6205,     6204, -1.11912250518799    ,  39.9686622619629
     6205,     6203,-0.127819091081619    ,  13.5123043060303
     6302,     6302,  1.04881763458252    , -5280.66996002197
     6302,    16302, -0.00000000000000    ,  5000.00000000000
     6302,     6304,-0.979878842830658    ,  59.1193580627441
     6302,     7001, -0.00000000000000    ,  217.391296386719
     6402,     6402,  3.97853350639343    , -5133.66084289551
     6402,    16402, -0.00000000000000    ,  5000.00000000000
     6402,     3701, -1.98926675319672    ,  66.8304214477539
     6402,     6401, -1.98926675319672    ,  66.8304214477539
     6502,     6502,  1901.82498550415    , -7528.69534370303
     6502,     6509, -907.235168457031    ,  1202.08666992188
     6502,     6508, -4.03659820556641    ,  57.8579101562500
     6502,    16502, -0.00000000000000    ,  5000.00000000000
     6502,     6503, -3.10941696166992    ,  34.9564762115479
     6502,     6501, -143.006973266602    ,  197.826293945312
     6502,     6504, -844.436828613281    ,  1038.34454345703
     6505,     6505,  1.23061144351959    , -5061.82376784086
     6505,    16505, -0.00000000000000    ,  5000.00000000000
     6505,     6506, -0.00000000000000    ,  51.2820510864258
     6505,     6503, -1.23061144351959    ,  11.2549667358398
     6506,     6506,  2.49480247497559    , -5073.58927437663
     6506,    16506, -0.00000000000000    ,  5000.00000000000
     6506,     6505, -0.00000000000000    ,  51.2820510864258
     6506,     1002, -2.49480247497559    ,  22.6611232757568
     6510,     6510,  4.12177443504333    , -5130.60629400611
     6510,    16510, -0.00000000000000    ,  5000.00000000000
     6510,     6305, -2.29083156585693    ,  20.4690055847168
     6510,     6501, -1.83094286918640    ,  110.466888427734
     6204,     6204,  3.18000972270966    , -5102.83680932224
     6204,    16204, -0.00000000000000    ,  5000.00000000000
     6204,     6205, -1.11912250518799    ,  39.9686622619629
     6204,     6202,-0.915471434593201    ,  55.2334442138672
     6204,     6104, -1.14541578292847    ,  10.2345027923584
     4004,     4004,  22.6253523826599    , -5442.94170400500
     4004,    14004, -0.00000000000000    ,  5000.00000000000
     4004,     4091, -7.52500724792480    ,  135.266586303711
     4004,     4092, -4.10674571990967    ,  78.7748489379883
     4004,     4095, -4.10674571990967    ,  78.7748489379883
     4004,     4005, -6.88685369491577    ,  153.551879882812
     4002,     4002,  28.8636116981506    , -5555.61425302923
     4002,    14002, -0.00000000000000    ,  5000.00000000000
     4002,     4003, -2.16081666946411    ,  42.0296592712402
     4002,     4090, -21.1312255859375    ,  419.102630615234
     4002,     4091, -5.57156944274902    ,  96.2024230957031
     4006,     4006,  249.360153317451    , -12445.7636707826
     4006,    14006, -0.00000000000000    ,  5000.00000000000
     4006,     4007, -221.975555419922    ,  6659.26708984375
     4006,     4009, -3.09924900531769    ,  220.683753967285
     4006,     4202, -2.97265148162842    ,  121.878715515137
     4006,     4005, -21.3126974105835    ,  444.919601440430
     3803,     3803,  13.5957803130150    , -4882.93427264690
     3803,    13803, -0.00000000000000    ,  5000.00000000000
     3803,     3801, -3.98795533180237    ,  95.6650924682617
     3803,     3891,-0.200801610946655    , -100.200004577637
     3803,     3805, -2.40252012014389    ,  141.464065551758
     3803,     3892, -0.00000000000000    , -106.951873779297
     3803,     3894, -0.00000000000000    , -105.932205200195
     3803,     3896, -0.00000000000000    , -106.951873779297
     3803,     3901, -7.00450325012207    ,  67.2981719970703
     3202,     3202,  44.9541788101196    , -5493.16968694702
     3202,    13202, -0.00000000000000    ,  5000.00000000000
     3202,     3205, -6.76923084259033    ,  78.1538467407227
     3202,     3201, -13.5384616851807    ,  156.307693481445
     3202,     3204, -6.76923084259033    ,  78.1538467407227
     3202,     3203, -10.4719057083130    ,  112.403591156006
     3202,     3924, -7.40534973144531    ,  68.4994888305664
     3201,     3201,  48.0207347869873    , -5537.12604927272
     3201,    13201, -0.00000000000000    ,  5000.00000000000
     3201,     3202, -13.5384616851807    ,  156.307693481445
     3201,     3203, -13.5384616851807    ,  156.307693481445
     3201,     3924, -13.5384616851807    ,  156.307693481445
     3201,     3923, -7.40534973144531    ,  68.4994888305664
     2302,     2302,  2.15667992830276    , -7432.36811703444
     2302,     2332, -0.00000000000000    ,  1999.99987792969
     2302,    12302, -0.00000000000000    ,  5000.00000000000
     2302,     2000,-0.473117291927338    ,  18.5098552703857
     2302,     2301, -0.00000000000000    ,  400.000000000000
     2302,     2100, -1.68356263637543    ,  14.0144138336182
     2301,     2301,  5.71563053131104    , -5470.71756720543
     2301,    12301, -0.00000000000000    ,  5000.00000000000
     2301,     2201, -2.79573178291321    ,  39.4213790893555
     2301,     2302, -0.00000000000000    ,  400.000000000000
     2301,     1401, -2.91989874839783    ,  33.4491882324219
     2100,     2100,  4.83679962158203    , -7100.30311793089
     2100,     2130, -0.00000000000000    ,  1999.99987792969
     2100,    12100, -0.00000000000000    ,  5000.00000000000
     2100,     1403, -1.68356263637543    ,  14.0144138336182
     2100,     2302, -1.68356263637543    ,  14.0144138336182
     2100,     2400, -1.46967434883118    ,  72.4339523315430
     2202,     2202,  11.5811418890953    , -5520.95404851437
     2202,     2203, -7.40534973144531    ,  68.4994888305664
     2202,    12202, -0.00000000000000    ,  5000.00000000000
     2202,     2000,-0.473117291927338    ,  18.5098552703857
     2202,     2201, -0.00000000000000    ,  400.000000000000
     2202,     2503, -3.70267486572266    ,  34.2497444152832
     2400,     2400,  9.50660037994385    , -5214.73242849112
     2400,    12400, -0.00000000000000    ,  5000.00000000000
     2400,     2403, -5.11702728271484    ,  110.259757995605
     2400,     2100, -1.46967434883118    ,  72.4339523315430
     2400,     1401, -2.91989874839783    ,  33.4491882324219
     1001,     1001,  2.90243303775787    , -5221.67313675582
     1001,    11001, -0.00000000000000    ,  5000.00000000000
     1001,     1202, -1.14541578292847    ,  10.2345027923584
     1001,     1201, -1.75701725482941    ,  31.4575576782227
     1001,     1002, -0.00000000000000    ,  181.818176269531
     1004,     1004,  18.9534534215927    , -7197.56704311073
     1004,     1034, -0.00000000000000    ,  1999.99987792969
     1004,    11004, -0.00000000000000    ,  5000.00000000000
     1004,     7002,-0.801118314266205    ,  9.01975536346436
     1004,     7001,-0.509425103664398    ,  3.57667827606201
     1004,     1002, -17.6429100036621    ,  187.014831542969
     2402,     2402,  21.1740007400513    , -5683.32250858843
     2402,    12402, -0.00000000000000    ,  5000.00000000000
     2402,     2501, -10.0339250564575    ,  218.357315063477
     2402,     2409, -0.00000000000000    ,  200.000000000000
     2402,     2401, -11.1400756835938    ,  265.662353515625
     2503,     2503,  22.2160491943359    , -7205.04078441858
     2503,     2533, -0.00000000000000    ,  1999.99987792969
     2503,    12503, -0.00000000000000    ,  5000.00000000000
     2503,     2203, -7.40534973144531    ,  68.4994888305664
     2503,     2202, -3.70267486572266    ,  34.2497444152832
     2503,     2409, -3.70267486572266    ,  34.2497444152832
     2503,     2502, -7.40534973144531    ,  68.4994888305664
     2501,     2501,  18.3042776584625    , -6002.66178615391
     2501,    12501, -0.00000000000000    ,  5000.00000000000
     2501,     2403, -4.61627197265625    ,  107.328330993652
     2501,     2402, -10.0339250564575    ,  218.357315063477
     2501,     2502, -0.00000000000000    ,  600.000000000000
     2501,     2401, -3.65408062934875    ,  77.9537200927734
     2409,     2409,  8.35158431529999    , -15305.2141593695
     2409,     2439, -0.00000000000000    ,  10000.0000000000
     2409,    12409, -0.00000000000000    ,  5000.00000000000
     2409,     2402, -0.00000000000000    ,  200.000000000000
     2409,     2503, -3.70267486572266    ,  34.2497444152832
     2409,     2502, -3.70267486572266    ,  34.2497444152832
     2409,     2408,-0.946234583854675    ,  37.0197105407715
     2502,     2502,  14.8106994628906    , -5736.69393765926
     2502,    12502, -0.00000000000000    ,  5000.00000000000
     2502,     2503, -7.40534973144531    ,  68.4994888305664
     2502,     2501, -0.00000000000000    ,  600.000000000000
     2502,     2409, -3.70267486572266    ,  34.2497444152832
     2502,     2408, -3.70267486572266    ,  34.2497444152832
     2405,     2405,  11.2021107673645    , -6075.22829547152
     2405,    12405, -0.00000000000000    ,  5000.00000000000
     2405,     2619, -0.00000000000000    ,  869.565185546875
     2405,     2406, -2.00309038162231    ,  37.7725639343262
     2405,     2410, -9.19902038574219    ,  167.988265991211
     2406,     2406,  6.52565181255341    , -5090.15762117505
     2406,    12406, -0.00000000000000    ,  5000.00000000000
     2406,     2405, -2.00309038162231    ,  37.7725639343262
     2406,     2410, -1.68356263637543    ,  14.0144138336182
     2406,     2408, -2.83899879455566    ,  38.5506134033203
     2410,     2410,  14.2025246620178    , -5238.36725887656
     2410,    12410, -0.00000000000000    ,  5000.00000000000
     2410,     2405, -9.19902038574219    ,  167.988265991211
     2410,     2406, -1.68356263637543    ,  14.0144138336182
     2410,     2411, -3.31994163990021    ,  56.6106090545654
     2411,     2411,  5.35752213001251    , -15342.6670415439
     2411,     2434, -0.00000000000000    ,  10000.0000000000
     2411,    12411, -0.00000000000000    ,  5000.00000000000
     2411,     2410, -3.31994163990021    ,  56.6106090545654
     2411,     2408, -2.03758049011230    ,  25.1513843536377
     2411,     2404, -0.00000000000000    ,  261.096588134766
     2408,     2408,  16.2947195768356    , -7212.75119738653
     2408,     2438, -0.00000000000000    ,  1999.99987792969
     2408,    12408, -0.00000000000000    ,  5000.00000000000
     2408,     2407, -6.76923084259033    ,  78.1538467407227
     2408,     2409,-0.946234583854675    ,  37.0197105407715
     2408,     2502, -3.70267486572266    ,  34.2497444152832
     2408,     2406, -2.83899879455566    ,  38.5506134033203
     2408,     2411, -2.03758049011230    ,  25.1513843536377
     2401,     2401,  38.0628503561020    , -15826.0029550642
     2401,     2902, -1.96970808506012    ,  32.1373405456543
     2401,     2431, -0.00000000000000    ,  10000.0000000000
     2401,    12401, -0.00000000000000    ,  5000.00000000000
     2401,     2402, -11.1400756835938    ,  265.662353515625
     2401,     2501, -3.65408062934875    ,  77.9537200927734
     2401,     2603, -11.8694353103638    ,  243.323440551758
     2401,     2901, -2.48708438873291    ,  35.8114395141602
     2401,     2404, -6.94246625900269    ,  177.506240844727
     2603,     2603,  20.1606108546257    , -6674.13518236578
     2603,    12603, -0.00000000000000    ,  5000.00000000000
     2603,     2607,-0.365855157375336    ,  42.7684707641602
     2603,     2600, -0.00000000000000    ,  1257.86169433594
     2603,     2601, -2.33385682106018    ,  52.9757385253906
     2603,     2401, -11.8694353103638    ,  243.323440551758
     2603,     2901, -2.79573178291321    ,  39.4213790893555
     2603,     1301, -2.79573178291321    ,  39.4213790893555
     3305,     3305,  24.0103673934937    , -5268.56302463636
     3305,    13305, -0.00000000000000    ,  5000.00000000000
     3305,     3203, -6.76923084259033    ,  78.1538467407227
     3305,     3103, -13.5384616851807    ,  156.307693481445
     3305,     3923, -3.70267486572266    ,  34.2497444152832
     3204,     3204,  48.0207347869873    , -7537.12592720240
     3204,     3234, -0.00000000000000    ,  1999.99987792969
     3204,    13204, -0.00000000000000    ,  5000.00000000000
     3204,     3205, -13.5384616851807    ,  156.307693481445
     3204,     3202, -6.76923084259033    ,  78.1538467407227
     3204,     3203, -6.76923084259033    ,  78.1538467407227
     3204,     3103, -13.5384616851807    ,  156.307693481445
     3204,     3923, -7.40534973144531    ,  68.4994888305664
     3203,     3203,  55.4260845184326    , -5605.47301810235
     3203,    13203, -0.00000000000000    ,  5000.00000000000
     3203,     3202, -10.4719057083130    ,  112.403591156006
     3203,     3201, -13.5384616851807    ,  156.307693481445
     3203,     3305, -6.76923084259033    ,  78.1538467407227
     3203,     3204, -6.76923084259033    ,  78.1538467407227
     3203,     3923, -7.40534973144531    ,  68.4994888305664
     3203,     3303, -10.4719057083130    ,  112.403591156006
     3103,     3103,  47.3846158981323    , -7546.90880511329
     3103,     3133, -0.00000000000000    ,  1999.99987792969
     3103,    13103, -0.00000000000000    ,  5000.00000000000
     3103,     3102, -20.3076925277710    ,  234.461540222168
     3103,     3305, -13.5384616851807    ,  156.307693481445
     3103,     3204, -13.5384616851807    ,  156.307693481445
     3401,     3401,  22.2160491943359    , -5205.04090648890
     3401,     3402, -7.40534973144531    ,  68.4994888305664
     3401,    13401, -0.00000000000000    ,  5000.00000000000
     3401,     3405, -7.40534973144531    ,  68.4994888305664
     3401,     3804, -3.70267486572266    ,  34.2497444152832
     3401,     3404, -3.70267486572266    ,  34.2497444152832
     3904,     3904,  12.4719643592834    , -5438.05072727799
     3904,    13904, -0.00000000000000    ,  5000.00000000000
     3904,     3905, -10.4163885116577    ,  80.0108871459961
     3904,     3924, -1.27967238426208    ,  79.9795227050781
     3904,     3903,-0.775903463363647    ,  278.549377441406
     4101,     4101,  16.2873521149158    , -7397.16187593341
     4101,     4131, -0.00000000000000    ,  1999.99987792969
     4101,    14101, -0.00000000000000    ,  5000.00000000000
     4101,     4201, -5.94530296325684    ,  243.757431030273
     4101,     4103, -5.07831481099129    ,  63.0172557830811
     4101,     4102, -5.26373434066772    ,  96.3775711059570
     4201,     4201,  28.2796241044998    , -7941.83638769388
     4201,     4231, -0.00000000000000    ,  1999.99987792969
     4201,    14201, -0.00000000000000    ,  5000.00000000000
     4201,     5001, -14.5130538940430    ,  417.906036376953
     4201,     4101, -5.94530296325684    ,  243.757431030273
     4201,     4102, -5.94530296325684    ,  243.757431030273
     4201,     4202, -1.87596428394318    ,  41.4433212280273
     4104,     4104,  9.90099143981934    , -5198.20990294218
     4104,    14104, -0.00000000000000    ,  5000.00000000000
     4104,     4009, -4.95049571990967    ,  49.5049514770508
     4104,     5004, -4.95049571990967    ,  49.5049514770508
     4104,     4103, -0.00000000000000    ,  100.000000000000
     4103,     4103,  5.20613390207291    , -5171.25956019759
     4103,    14103, -0.00000000000000    ,  5000.00000000000
     4103,     4101, -5.07831481099129    ,  63.0172557830811
     4103,     4104, -0.00000000000000    ,  100.000000000000
     4103,     6202,-0.127819091081619    ,  13.5123043060303
     4102,     4102,  22.9095050692558    , -7713.00301402807
     4102,     4132, -0.00000000000000    ,  1999.99987792969
     4102,    14102, -0.00000000000000    ,  5000.00000000000
     4102,     4101, -5.26373434066772    ,  96.3775711059570
     4102,     4201, -5.94530296325684    ,  243.757431030273
     4102,     4202, -5.94530296325684    ,  243.757431030273
     4102,     4005, -2.98103803396225    ,  93.0510406494141
     4102,     6202, -2.77412676811218    ,  44.1125221252441
     4202,     4202,  222.752989888191    , -8047.56653574109
     4202,     4232, -0.00000000000000    ,  1999.99987792969
     4202,    14202, -0.00000000000000    ,  5000.00000000000
     4202,     4203, -208.986419677734    ,  522.466064453125
     4202,     4006, -2.97265148162842    ,  121.878715515137
     4202,     4201, -1.87596428394318    ,  41.4433212280273
     4202,     4102, -5.94530296325684    ,  243.757431030273
     4202,     4005, -2.97265148162842    ,  121.878715515137
     4005,     4005,  35.9424056410789    , -7836.89139319956
     4005,     4035, -0.00000000000000    ,  1999.99987792969
     4005,    14005, -0.00000000000000    ,  5000.00000000000
     4005,     4004, -6.88685369491577    ,  153.551879882812
     4005,     4006, -21.3126974105835    ,  444.919601440430
     4005,     4102, -2.98103803396225    ,  93.0510406494141
     4005,     4202, -2.97265148162842    ,  121.878715515137
     4005,     6202, -1.78916501998901    ,  30.1602077484131
     6301,     6301, 0.915471434593201    , -5707.40733337402
     6301,    16301, -0.00000000000000    ,  5000.00000000000
     6301,     6103, -0.00000000000000    ,  434.782592773438
     6301,     6303,-0.915471434593201    ,  55.2334442138672
     6301,     6102, -0.00000000000000    ,  217.391296386719
     6304,     6304,  3.20630300045013    , -5075.37284979224
     6304,    16304, -0.00000000000000    ,  5000.00000000000
     6304,     6302,-0.979878842830658    ,  59.1193580627441
     6304,     6303, -1.14541578292847    ,  10.2345027923584
     6304,     6203, -1.14541578292847    ,  10.2345027923584
     6403,     6403,  5.42939281463623    , -7056.70386242867
     6403,     6433, -0.00000000000000    ,  1999.99987792969
     6403,    16403, -0.00000000000000    ,  5000.00000000000
     6403,     6404, -1.35734820365906    ,  14.7337961196899
     6403,     6102, -1.35734820365906    ,  14.7337961196899
     6403,     6401, -2.71469640731812    ,  29.4675922393799
     7002,     7002,  1.23233202099800    , -7231.47258675098
     7002,     7032, -0.00000000000000    ,  1999.99987792969
     7002,    17002, -0.00000000000000    ,  5000.00000000000
     7002,     1004,-0.801118314266205    ,  9.01975536346436
     7002,     7001, -0.00000000000000    ,  217.391296386719
     7002,     6504,-0.431213706731796    ,  7.27905702590942
     6503,     6503,  13.9888375997543    , -7150.23108530045
     6503,     6533, -0.00000000000000    ,  1999.99987792969
     6503,     6508, -2.19609856605530    ,  25.3197250366211
     6503,    16503, -0.00000000000000    ,  5000.00000000000
     6503,     6502, -3.10941696166992    ,  34.9564762115479
     6503,     6505, -1.23061144351959    ,  11.2549667358398
     6503,     6504, -2.60533285140991    ,  28.4144115447998
     6503,     6507, -4.84737777709961    ,  53.1778278350830
     2901,     2901,  20.0188117027283    , -5222.17609308660
     2901,     2902, -2.79251456260681    ,  70.5608596801758
     2901,    12901, -0.00000000000000    ,  5000.00000000000
     2901,     2401, -2.48708438873291    ,  35.8114395141602
     2901,     2603, -2.79573178291321    ,  39.4213790893555
     2901,     1301, -1.14541578292847    ,  10.2345027923584
     2901,     1201, -10.7980651855469    ,  71.4132919311523
     1402,     1402,  20.8252155780792    , -5330.10161745548
     1402,    11402, -0.00000000000000    ,  5000.00000000000
     1402,     1202, -1.97037053108215    ,  28.5254058837891
     1402,     1401, -8.66551017761230    ,  207.972259521484
     1402,     1301, -7.53768134117126    ,  61.3070230484009
     1402,     1201, -2.65165352821350    ,  38.3971290588379
     1302,     1302,  12.3606662750244    , -5231.01593935490
     1302,    11302, -0.00000000000000    ,  5000.00000000000
     1302,     1303, -0.00000000000000    ,  138.888885498047
     1302,     1202, -6.18033313751221    ,  46.5732269287109
     1302,     1301, -6.18033313751221    ,  46.5732269287109
     1202,     1202,  35.5558183193207    , -7264.32128803432
     1202,     1232, -0.00000000000000    ,  1999.99987792969
     1202,    11202, -0.00000000000000    ,  5000.00000000000
     1202,     1001, -1.14541578292847    ,  10.2345027923584
     1202,     1402, -1.97037053108215    ,  28.5254058837891
     1202,     1302, -6.18033313751221    ,  46.5732269287109
     1202,     1201, -26.2596988677979    ,  182.794784545898
     1401,     1401,  28.3356482982635    , -7436.37471997738
     1401,     1431, -0.00000000000000    ,  1999.99987792969
     1401,    11401, -0.00000000000000    ,  5000.00000000000
     1401,     1101, -12.3606662750244    ,  93.1464538574219
     1401,     1403, -1.46967434883118    ,  72.4339523315430
     1401,     2301, -2.91989874839783    ,  33.4491882324219
     1401,     2400, -2.91989874839783    ,  33.4491882324219
     1401,     1402, -8.66551017761230    ,  207.972259521484
     1301,     1301,  17.6591620445251    , -7155.52627979219
     1301,     1331, -0.00000000000000    ,  1999.99987792969
     1301,    11301, -0.00000000000000    ,  5000.00000000000
     1301,     2603, -2.79573178291321    ,  39.4213790893555
     1301,     2901, -1.14541578292847    ,  10.2345027923584
     1301,     1402, -7.53768134117126    ,  61.3070230484009
     1301,     1302, -6.18033313751221    ,  46.5732269287109
     1201,     1201,  41.4664348363876    , -5318.01935321093
     1201,    11201, -0.00000000000000    ,  5000.00000000000
     1201,     1001, -1.75701725482941    ,  31.4575576782227
     1201,     2901, -10.7980651855469    ,  71.4132919311523
     1201,     1402, -2.65165352821350    ,  38.3971290588379
     1201,     1202, -26.2596988677979    ,  182.794784545898
     3804,     3804,  19.5039637684822    , -5228.32160755992
     3804,    13804, -0.00000000000000    ,  5000.00000000000
     3804,     3403, -3.70267486572266    ,  34.2497444152832
     3804,     3806, -3.70267486572266    ,  34.2497444152832
     3804,     3802,-0.990589439868927    ,  57.4541854858398
     3804,     3401, -3.70267486572266    ,  34.2497444152832
     3804,     3404, -7.40534973144531    ,  68.4994888305664
     3404,     3404,  22.2160491943359    , -5205.04090648890
     3404,    13404, -0.00000000000000    ,  5000.00000000000
     3404,     3403, -3.70267486572266    ,  34.2497444152832
     3404,     3917, -3.70267486572266    ,  34.2497444152832
     3404,     3401, -3.70267486572266    ,  34.2497444152832
     3404,     3804, -7.40534973144531    ,  68.4994888305664
     3404,     3918, -3.70267486572266    ,  34.2497444152832
     3902,     3902,  7.28132420778275    , -7211.39900970459
     3902,     3932, -0.00000000000000    ,  1999.99987792969
     3902,    13902, -0.00000000000000    ,  5000.00000000000
     3902,     3301, -3.14536738395691    ,  76.9724731445312
     3902,     3918,-0.990589439868927    ,  57.4541854858398
     3902,     3901, -3.14536738395691    ,  76.9724731445312
     3301,     3301,  12.5384160876274    , -5362.17859157920
     3301,    13301, -0.00000000000000    ,  5000.00000000000
     3301,     3902, -3.14536738395691    ,  76.9724731445312
     3301,     3903, -6.42128038406372    ,  113.142951965332
     3301,     3303, -2.97176831960678    ,  172.362556457520
     3911,     3911,  15.5922722220421    , -5126.56818067282
     3911,     3916, -1.26068150997162    ,  8.60180854797363
     3911,     3912, -1.57392883300781    ,  10.5551176071167
     3911,    13911, -0.00000000000000    ,  5000.00000000000
     3911,     3910,-0.846936643123627    ,  5.77977943420410
     3911,     3925,-0.994633376598358    ,  33.4152107238770
     3911,     3921, -7.25880908966064    ,  44.1263408660889
     3911,     3924,-0.509425103664398    ,  3.57667827606201
     3911,     8003, -3.14785766601562    ,  21.1102352142334
     3913,     3913,  12.6819534301758    , -5113.02027085051
     3913,    13913, -0.00000000000000    ,  5000.00000000000
     3913,     8004, -1.57392883300781    ,  10.5551176071167
     3913,     3923, -3.70267486572266    ,  34.2497444152832
     3913,     3920, -7.40534973144531    ,  68.4994888305664
     6305,     6305,  5.72707891464233    , -7050.34839187562
     6305,     6335, -0.00000000000000    ,  1999.99987792969
     6305,    16305, -0.00000000000000    ,  5000.00000000000
     6305,     6510, -2.29083156585693    ,  20.4690055847168
     6305,     6104, -1.14541578292847    ,  10.2345027923584
     6305,     6303, -2.29083156585693    ,  20.4690055847168
     6103,     6103,  5.86137449741364    , -5560.57271564007
     6103,    16103, -0.00000000000000    ,  5000.00000000000
     6103,     6301, -0.00000000000000    ,  434.782592773438
     6103,     6104,-0.915471434593201    ,  55.2334442138672
     6103,     6501, -2.71469640731812    ,  29.4675922393799
     6103,     6102, -2.23120665550232    ,  43.0622863769531
     6202,     6202,  14.5295187532902    , -5206.90105319023
     6202,    16202, -0.00000000000000    ,  5000.00000000000
     6202,     6201, -8.92293643951416    ,  70.0375747680664
     6202,     6204,-0.915471434593201    ,  55.2334442138672
     6202,     4103,-0.127819091081619    ,  13.5123043060303
     6202,     4102, -2.77412676811218    ,  44.1125221252441
     6202,     4005, -1.78916501998901    ,  30.1602077484131
     6104,     6104,  3.20630300045013    , -5075.37284979224
     6104,    16104, -0.00000000000000    ,  5000.00000000000
     6104,     6204, -1.14541578292847    ,  10.2345027923584
     6104,     6305, -1.14541578292847    ,  10.2345027923584
     6104,     6103,-0.915471434593201    ,  55.2334442138672
     6303,     6303,  6.64255034923553    , -7105.58183608949
     6303,     6333, -0.00000000000000    ,  1999.99987792969
     6303,    16303, -0.00000000000000    ,  5000.00000000000
     6303,     6301,-0.915471434593201    ,  55.2334442138672
     6303,     6304, -1.14541578292847    ,  10.2345027923584
     6303,     6305, -2.29083156585693    ,  20.4690055847168
     6303,     6203, -2.29083156585693    ,  20.4690055847168
     6203,     6203,  4.47953787446022    , -5096.51985694468
     6203,    16203, -0.00000000000000    ,  5000.00000000000
     6203,     6201,-0.915471434593201    ,  55.2334442138672
     6203,     6205,-0.127819091081619    ,  13.5123043060303
     6203,     6304, -1.14541578292847    ,  10.2345027923584
     6203,     6303, -2.29083156585693    ,  20.4690055847168
     8001,     8001,  19.2735748887062    , -5222.57130813599
     8001,    18001, -0.00000000000000    ,  5000.00000000000
     8001,     8003,-0.330283701419830    ,  57.4693641662598
     8001,     8002, -12.6453323364258    ,  88.2787322998047
     8001,     4001, -6.29795885086060    ,  76.8232116699219
     8005,     8005,  6.17632514238358    , -5092.37181003392
     8005,    18005, -0.00000000000000    ,  5000.00000000000
     8005,     8004, -1.01902782917023    ,  7.15303277969360
     8005,     8003, -1.01885020732880    ,  7.15335655212402
     8005,     3923, -3.14785766601562    ,  21.1102352142334
     8005,     8002,-0.990589439868927    ,  57.4541854858398
     3906,     3906,  108.274161875248    , -5766.47795891762
     3906,    13906, -0.00000000000000    ,  5000.00000000000
     3906,     3921,-0.330283701419830    ,  57.4693641662598
     3906,     3905, -57.6461181640625    ,  277.021606445312
     3906,     4001, -50.2977600097656    ,  432.750488281250
     8004,     8004,  5.18591332435608    , -7035.15021870285
     8004,     8034, -0.00000000000000    ,  1999.99987792969
     8004,    18004, -0.00000000000000    ,  5000.00000000000
     8004,     3913, -1.57392883300781    ,  10.5551176071167
     8004,     8005, -1.01902782917023    ,  7.15303277969360
     8004,     8003, -1.01902782917023    ,  7.15303277969360
     8004,     3907, -1.57392883300781    ,  10.5551176071167
     7001,     7001, 0.509425103664398    , -7437.35914897919
     7001,     7031, -0.00000000000000    ,  1999.99987792969
     7001,    17001, -0.00000000000000    ,  5000.00000000000
     7001,     6302, -0.00000000000000    ,  217.391296386719
     7001,     1004,-0.509425103664398    ,  3.57667827606201
     7001,     7002, -0.00000000000000    ,  217.391296386719
     6501,     6501,  773.342239618301    , -6161.51531444490
     6501,     6509, -417.340484619141    ,  589.493469238281
     6501,    16501, -0.00000000000000    ,  5000.00000000000
     6501,     6502, -143.006973266602    ,  197.826293945312
     6501,     6510, -1.83094286918640    ,  110.466888427734
     6501,     6103, -2.71469640731812    ,  29.4675922393799
     6501,     6504, -208.449142456055    ,  236.242370605469
     6404,     6404,  4.79359555244446    , -5044.38510449231
     6404,    16404, -0.00000000000000    ,  5000.00000000000
     6404,     2604, -1.14541578292847    ,  10.2345027923584
     6404,     6403, -1.35734820365906    ,  14.7337961196899
     6404,     6507, -1.14541578292847    ,  10.2345027923584
     6404,     6401, -1.14541578292847    ,  10.2345027923584
     6504,     6504,  1067.73979434371    , -6445.44213606417
     6504,    16504, -0.00000000000000    ,  5000.00000000000
     6504,     2604, -5.96530199050903    ,  81.1943893432617
     6504,     6502, -844.436828613281    ,  1038.34454345703
     6504,     7002,-0.431213706731796    ,  7.27905702590942
     6504,     6503, -2.60533285140991    ,  28.4144115447998
     6504,     6501, -208.449142456055    ,  236.242370605469
     6504,     6507, -5.85197472572327    ,  57.4633140563965
     6102,     6102,  3.58855485916138    , -7412.66074234247
     6102,     6132, -0.00000000000000    ,  1999.99987792969
     6102,    16102, -0.00000000000000    ,  5000.00000000000
     6102,     6101, -0.00000000000000    ,  138.888885498047
     6102,     6301, -0.00000000000000    ,  217.391296386719
     6102,     6403, -1.35734820365906    ,  14.7337961196899
     6102,     6103, -2.23120665550232    ,  43.0622863769531
     6507,     6507,  12.2759819924831    , -5126.23530168831
     6507,    16507, -0.00000000000000    ,  5000.00000000000
     6507,     1303,-0.431213706731796    ,  7.27905702590942
     6507,     6503, -4.84737777709961    ,  53.1778278350830
     6507,     6404, -1.14541578292847    ,  10.2345027923584
     6507,     6504, -5.85197472572327    ,  57.4633140563965
     1002,     1002,  32.0932173728943    , -7632.65967275202
     1002,     1032, -0.00000000000000    ,  1999.99987792969
     1002,     1003, -2.96997880935669    ,  144.345100402832
     1002,    11002, -0.00000000000000    ,  5000.00000000000
     1002,     1102, -8.98552608489990    ,  99.7945632934570
     1002,     6506, -2.49480247497559    ,  22.6611232757568
     1002,     1001, -0.00000000000000    ,  181.818176269531
     1002,     1004, -17.6429100036621    ,  187.014831542969
     6401,     6401,  7.20672714710236    , -5119.42811261117
     6401,    16401, -0.00000000000000    ,  5000.00000000000
     6401,     4008, -1.35734820365906    ,  14.7337961196899
     6401,     6402, -1.98926675319672    ,  66.8304214477539
     6401,     6403, -2.71469640731812    ,  29.4675922393799
     6401,     6404, -1.14541578292847    ,  10.2345027923584
     3905,     3905,  78.1202099919319    , -5510.24650573730
     3905,    13905, -0.00000000000000    ,  5000.00000000000
     3905,     3922,-0.990589439868927    ,  57.4541854858398
     3905,     3904, -10.4163885116577    ,  80.0108871459961
     3905,     3906, -57.6461181640625    ,  277.021606445312
     3905,     3903, -9.06711387634277    ,  95.7598266601562
     3924,     3924,  29.4155111908913    , -5362.47087966278
     3924,    13924, -0.00000000000000    ,  5000.00000000000
     3924,     3916,-0.845314979553223    ,  6.09156322479248
     3924,     3912,-0.714547753334045    ,  4.78078746795654
     3924,     3910, -1.42006468772888    ,  9.69194126129150
     3924,     3915, -3.70267486572266    ,  34.2497444152832
     3924,     3202, -7.40534973144531    ,  68.4994888305664
     3924,     3201, -13.5384616851807    ,  156.307693481445
     3924,     3904, -1.27967238426208    ,  79.9795227050781
     3924,     3911,-0.509425103664398    ,  3.57667827606201
     8003,     8003,  5.51601940393448    , -7092.38686664402
     8003,     8033, -0.00000000000000    ,  1999.99987792969
     8003,    18003, -0.00000000000000    ,  5000.00000000000
     8003,     3911, -3.14785766601562    ,  21.1102352142334
     8003,     8001,-0.330283701419830    ,  57.4693641662598
     8003,     8005, -1.01885020732880    ,  7.15335655212402
     8003,     8004, -1.01902782917023    ,  7.15303277969360
     3923,     3923,  37.4625208973885    , -7386.01505836099
     3923,    13923, -0.00000000000000    ,  5000.00000000000
     3923,     3201, -7.40534973144531    ,  68.4994888305664
     3923,     3305, -3.70267486572266    ,  34.2497444152832
     3923,     3204, -7.40534973144531    ,  68.4994888305664
     3923,     3203, -7.40534973144531    ,  68.4994888305664
     3923,     3913, -3.70267486572266    ,  34.2497444152832
     3923,     8005, -3.14785766601562    ,  21.1102352142334
     3923,     3903,-0.990589439868927    ,  57.4541854858398
     3923,     3907, -3.70267486572266    ,  34.2497444152832
     3923,     3933, -0.00000000000000    ,  1999.99987792969
     8002,     8002,  16.8417729735374    , -5224.36518961191
     8002,    18002, -0.00000000000000    ,  5000.00000000000
     8002,     8001, -12.6453323364258    ,  88.2787322998047
     8002,     8005,-0.990589439868927    ,  57.4541854858398
     8002,     3903,-0.504060149192810    ,  17.4710311889648
     8002,     3901, -2.70179104804993    ,  62.9755706787109
     2404,     2404,  6.94246625900269    , -5104.82225871086
     2404,    12404, -0.00000000000000    ,  5000.00000000000
     2404,     3893, -0.00000000000000    , -106.951873779297
     2404,     3895, -0.00000000000000    , -106.951873779297
     2404,     3897, -0.00000000000000    , -119.047622680664
     2404,     2411, -0.00000000000000    ,  261.096588134766
     2404,     2401, -6.94246625900269    ,  177.506240844727
     3903,     3903,  18.4588592648506    , -5587.07998174429
     3903,    13903, -0.00000000000000    ,  5000.00000000000
     3903,     3904,-0.775903463363647    ,  278.549377441406
     3903,     3301, -6.42128038406372    ,  113.142951965332
     3903,     3905, -9.06711387634277    ,  95.7598266601562
     3903,     3923,-0.990589439868927    ,  57.4541854858398
     3903,     8002,-0.504060149192810    ,  17.4710311889648
     3903,     3901,-0.699911952018738    ,  27.4245090484619
     3303,     3303,  41.1567162871361    , -7587.40227459371
     3303,     3333, -0.00000000000000    ,  1999.99987792969
     3303,    13303, -0.00000000000000    ,  5000.00000000000
     3303,     3304, -20.3076925277710    ,  234.461540222168
     3303,     3203, -10.4719057083130    ,  112.403591156006
     3303,     3301, -2.97176831960678    ,  172.362556457520
     3303,     3918, -7.40534973144531    ,  68.4994888305664
     4001,     4001,  190.907611846924    , -8232.66417878866
     4001,     4031, -0.00000000000000    ,  1999.99987792969
     4001,    14001, -0.00000000000000    ,  5000.00000000000
     4001,     4008, -0.00000000000000    ,  138.888885498047
     4001,     4090, -3.75957918167114    ,  72.1630325317383
     4001,     4094, -3.44814181327820    ,  66.3988342285156
     4001,     4097, -3.69622063636780    ,  70.5778350830078
     4001,     4204, -123.407951354980    ,  378.134643554688
     4001,     8001, -6.29795885086060    ,  76.8232116699219
     4001,     3906, -50.2977600097656    ,  432.750488281250
     3920,     3920,  20.5026410818100    , -5237.69784352183
     3920,    13920, -0.00000000000000    ,  5000.00000000000
     3920,     3908, -3.70267486572266    ,  34.2497444152832
     3920,     3909, -3.70267486572266    ,  34.2497444152832
     3920,     3922, -3.70267486572266    ,  34.2497444152832
     3920,     3926, -1.98926675319672    ,  66.8304214477539
     3920,     3913, -7.40534973144531    ,  68.4994888305664
     3918,     3918,  12.0986140370369    , -5159.97463873029
     3918,    13918, -0.00000000000000    ,  5000.00000000000
     3918,     3404, -3.70267486572266    ,  34.2497444152832
     3918,     3902,-0.990589439868927    ,  57.4541854858398
     3918,     3303, -7.40534973144531    ,  68.4994888305664
     3907,     3907,  16.3846282958984    , -5147.19375526533
     3907,    13907, -0.00000000000000    ,  5000.00000000000
     3907,     3405, -7.40534973144531    ,  68.4994888305664
     3907,     3908, -3.70267486572266    ,  34.2497444152832
     3907,     8004, -1.57392883300781    ,  10.5551176071167
     3907,     3923, -3.70267486572266    ,  34.2497444152832
     3901,     3901,  16.6449651122093    , -5341.14443588257
     3901,    13901, -0.00000000000000    ,  5000.00000000000
     3901,     3802, -2.10280203819275    ,  50.2899055480957
     3901,     3917,-0.990589439868927    ,  57.4541854858398
     3901,     3803, -7.00450325012207    ,  67.2981719970703
     3901,     3902, -3.14536738395691    ,  76.9724731445312
     3901,     8002, -2.70179104804993    ,  62.9755706787109
     3901,     3903,-0.699911952018738    ,  27.4245090484619
